time_offset,timestamp,revs,distance
4.186734676361084,1680680778.3227482,1,4.149412072
12.163784503936768,1680680786.2998004,2,6.224118107999999
13.393837451934814,1680680787.5298548,3,8.298824144
14.301848888397217,1680680788.4378326,4,10.37353018
15.120702981948853,1680680789.2567198,5,12.448236216
15.833925247192383,1680680789.9699454,6,14.522942252
16.451788187026978,1680680790.5877733,7,16.597648288
17.00386881828308,1680680791.138479,8,18.672354323999997
17.53343892097473,1680680791.6698585,9,20.747060359999995
18.063793182373047,1680680792.192921,10,22.821766395999994
18.614033222198486,1680680792.750021,11,24.896472431999992
19.16404914855957,1680680793.300053,12,26.97117846799999
19.713762998580933,1680680793.84551,13,29.04588450399999
20.22879672050476,1680680794.3647788,14,31.120590539999988
20.730970859527588,1680680794.8670769,15,33.19529657599999
21.214071035385132,1680680795.3500607,16,35.27000261199999
21.694015741348267,1680680795.8300362,17,37.344708647999994
22.163774728775024,1680680796.2963693,18,39.419414683999996
22.619622230529785,1680680796.7556374,19,41.49412072
23.09442162513733,1680680797.2305305,20,43.568826756
23.542468309402466,1680680797.6785758,21,45.643532792
23.985721349716187,1680680798.1220577,22,47.718238828000004
24.441869020462036,1680680798.5779774,23,49.792944864000006
24.885172843933105,1680680799.0211935,24,51.86765090000001
25.34799838066101,1680680799.48398,25,53.94235693600001
25.822486639022827,1680680799.9585946,26,56.01706297200001
26.301785230636597,1680680800.4378948,27,58.091769008000014
26.813886165618896,1680680800.9426105,28,60.166475044000016
27.32858157157898,1680680801.4645996,29,62.24118108000002
27.86584162712097,1680680802.0018115,30,64.31588711600001
28.436258792877197,1680680802.5722742,31,66.39059315200001
29.029415607452393,1680680803.1654606,32,68.465299188
29.620293617248535,1680680803.7563407,33,70.540005224
30.219417333602905,1680680804.3554645,34,72.61471125999999
30.82884454727173,1680680804.9649904,35,74.68941729599999
31.431564807891846,1680680805.5677145,36,76.76412333199998
32.02703523635864,1680680806.1630795,37,78.83882936799998
32.63945913314819,1680680806.7755058,38,80.91353540399997
33.2415657043457,1680680807.3776124,39,82.98824143999997
33.85172653198242,1680680807.987772,40,85.06294747599996
34.474982261657715,1680680808.6110306,41,87.13765351199996
35.164013147354126,1680680809.2936409,42,89.21235954799995
35.91992235183716,1680680810.0559695,43,91.28706558399995
36.63868713378906,1680680810.7747998,44,93.36177161999994
37.289088010787964,1680680811.4250896,45,95.43647765599994
37.84200978279114,1680680811.978103,46,97.51118369199993
38.37819242477417,1680680812.5142355,47,99.58588972799993
38.87969708442688,1680680813.015744,48,101.66059576399992
39.35427761077881,1680680813.490744,49,103.73530179999992
39.83048486709595,1680680813.96653,50,105.81000783599991
40.29793858528137,1680680814.4339583,51,107.8847138719999
40.75489854812622,1680680814.8909454,52,109.9594199079999
41.189977169036865,1680680815.3260229,53,112.0341259439999
41.643192529678345,1680680815.7792096,54,114.10883197999989
42.09752917289734,1680680816.233463,55,116.18353801599989
42.543041944503784,1680680816.6790485,56,118.25824405199988
42.99414038658142,1680680817.1301863,57,120.33295008799988
43.45371770858765,1680680817.5897608,58,122.40765612399987
43.9165256023407,1680680818.0526392,59,124.48236215999987
44.36852669715881,1680680818.5045304,60,126.55706819599986
44.817469120025635,1680680818.9534714,61,128.63177423199986
45.244540214538574,1680680819.3804753,62,130.70648026799986
45.669350147247314,1680680819.8053527,63,132.78118630399987
46.08839440345764,1680680820.2245038,64,134.85589233999988
46.50616264343262,1680680820.6421046,65,136.9305983759999
46.9199640750885,1680680821.0560756,66,139.0053044119999
47.3295361995697,1680680821.4655821,67,141.0800104479999
47.73351430892944,1680680821.8696065,68,143.15471648399992
48.13249182701111,1680680822.2685385,69,145.22942251999993
48.52852129936218,1680680822.6645656,70,147.30412855599994
48.92210531234741,1680680823.0582004,71,149.37883459199995
49.315988540649414,1680680823.4488945,72,151.45354062799996
49.7047860622406,1680680823.8408792,73,153.52824666399997
50.104736328125,1680680824.240739,74,155.60295269999997
50.50225591659546,1680680824.638262,75,157.67765873599998
50.89613914489746,1680680825.0322292,76,159.752364772
51.29709219932556,1680680825.4331386,77,161.827070808
51.7023983001709,1680680825.8384445,78,163.901776844
52.10632634162903,1680680826.2423728,79,165.97648288000002
52.505526304244995,1680680826.6415472,80,168.05118891600003
52.91605806350708,1680680827.0473905,81,170.12589495200004
53.316367626190186,1680680827.4519358,82,172.20060098800005
53.71970868110657,1680680827.8557138,83,174.27530702400006
54.11639428138733,1680680828.2502654,84,176.35001306000007
54.51611614227295,1680680828.6482892,85,178.42471909600008
54.89956307411194,1680680829.0355523,86,180.49942513200008
55.29200601577759,1680680829.4280229,87,182.5741311680001
55.68547248840332,1680680829.8214924,88,184.6488372040001
56.0797164440155,1680680830.2156587,89,186.7235432400001
56.47527766227722,1680680830.61127,90,188.79824927600012
56.87317395210266,1680680831.0091932,91,190.87295531200013
57.27021622657776,1680680831.4062333,92,192.94766134800014
57.66618013381958,1680680831.7992003,93,195.02236738400015
58.06652092933655,1680680832.2016563,94,197.09707342000016
58.466219902038574,1680680832.5970685,95,199.17177945600017
58.8491427898407,1680680832.9851499,96,201.24648549200018
59.23273468017578,1680680833.3687232,97,203.32119152800018
59.62312841415405,1680680833.7591512,98,205.3958975640002
60.00412154197693,1680680834.138834,99,207.4706036000002
60.39531850814819,1680680834.531308,100,209.5453096360002
60.77790808677673,1680680834.9139292,101,211.62001567200022
61.166319370269775,1680680835.2946122,102,213.69472170800023
61.53577017784119,1680680835.671877,103,215.76942774400024
61.919435262680054,1680680836.0554528,104,217.84413378000025
62.29396605491638,1680680836.4299862,105,219.91883981600026
62.67205190658569,1680680836.8080733,106,221.99354585200027
63.05298209190369,1680680837.18899,107,224.06825188800028
63.42464089393616,1680680837.560619,108,226.14295792400029
63.800158977508545,1680680837.9361799,109,228.2176639600003
64.16732788085938,1680680838.3034403,110,230.2923699960003
64.54353761672974,1680680838.6795585,111,232.3670760320003
64.91656136512756,1680680839.0521317,112,234.44178206800032
65.29026865959167,1680680839.4262843,113,236.51648810400033
65.66654086112976,1680680839.8021107,114,238.59119414000034
66.04076814651489,1680680840.1768942,115,240.66590017600035
66.41632127761841,1680680840.5493422,116,242.74060621200036
66.7773425579071,1680680840.9133644,117,244.81531224800037
67.15230464935303,1680680841.28835,118,246.89001828400038
67.51933097839355,1680680841.6553488,119,248.96472432000039
67.90053248405457,1680680842.0365474,120,251.0394303560004
68.26668119430542,1680680842.4026723,121,253.1141363920004
68.64881229400635,1680680842.7849193,122,255.1888424280004
69.03392457962036,1680680843.1699412,123,257.2635484640004
69.41653299331665,1680680843.5447953,124,259.3382545000004
69.79629921913147,1680680843.932323,125,261.4129605360004
70.18195366859436,1680680844.3180633,126,263.4876665720004
70.56640267372131,1680680844.6985738,127,265.56237260800043
70.95300769805908,1680680845.089027,128,267.63707864400044
71.33253049850464,1680680845.4685502,129,269.71178468000045
71.71709156036377,1680680845.85308,130,271.78649071600046
72.09649062156677,1680680846.232509,131,273.86119675200047
72.47007989883423,1680680846.6061008,132,275.9359027880005
72.85422921180725,1680680846.9902508,133,278.0106088240005
73.23367238044739,1680680847.3696926,134,280.0853148600005
73.60339164733887,1680680847.7394154,135,282.1600208960005
73.97522974014282,1680680848.111247,136,284.2347269320005
74.34675192832947,1680680848.4828615,137,286.3094329680005
74.72442126274109,1680680848.860423,138,288.38413900400053
75.09894394874573,1680680849.2349288,139,290.45884504000054
75.47315073013306,1680680849.6091702,140,292.53355107600055
75.84107303619385,1680680849.977181,141,294.60825711200056
76.21679663658142,1680680850.3527997,142,296.68296314800057
76.5894410610199,1680680850.725461,143,298.7576691840006
76.96672630310059,1680680851.0950632,144,300.8323752200006
77.33430099487305,1680680851.47032,145,302.9070812560006
77.69816184043884,1680680851.8341837,146,304.9817872920006
78.06935453414917,1680680852.205371,147,307.0564933280006
78.42735290527344,1680680852.5633748,148,309.1311993640006
78.7922306060791,1680680852.9283369,149,311.20590540000063
79.15804386138916,1680680853.294061,150,313.28061143600064
79.52363586425781,1680680853.659657,151,315.35531747200065
79.88961982727051,1680680854.025732,152,317.43002350800066
80.25611329078674,1680680854.3922226,153,319.50472954400067
80.61971092224121,1680680854.7557313,154,321.5794355800007
80.97892355918884,1680680855.114916,155,323.6541416160007
81.33954238891602,1680680855.4756515,156,325.7288476520007
81.70240950584412,1680680855.8383987,157,327.8035536880007
82.07629013061523,1680680856.2122617,158,329.8782597240007
82.43849682807922,1680680856.5744896,159,331.9529657600007
82.81801533699036,1680680856.9501884,160,334.02767179600073
83.21812295913696,1680680857.3532674,161,336.10237783200074
83.60575890541077,1680680857.7417777,162,338.17708386800075
84.0040340423584,1680680858.1388025,163,340.25178990400076
84.42579412460327,1680680858.561811,164,342.32649594000077
84.83361887931824,1680680858.9696405,165,344.4012019760008
85.24569344520569,1680680859.3817368,166,346.4759080120008
85.66787195205688,1680680859.8008938,167,348.5506140480008
86.08851909637451,1680680860.2245655,168,350.6253200840008
86.517991065979,1680680860.6514416,169,352.7000261200008
86.94505882263184,1680680861.0812035,170,354.7747321560008
87.37523412704468,1680680861.5112798,171,356.84943819200083
87.81828212738037,1680680861.9530013,172,358.92414422800084
88.25571298599243,1680680862.3917596,173,360.99885026400085
88.73292803764343,1680680862.8689773,174,363.07355630000086
89.24691104888916,1680680863.382958,175,365.14826233600087
89.8005268573761,1680680863.936638,176,367.2229683720009
90.39054656028748,1680680864.526538,177,369.2976744080009
90.9979658126831,1680680865.1339707,178,371.3723804440009
91.59576940536499,1680680865.7317884,179,373.4470864800009
92.16814827919006,1680680866.298952,180,375.5217925160009
92.69927859306335,1680680866.8352845,181,377.5964985520009
93.20135474205017,1680680867.3374016,182,379.67120458800093
93.67988801002502,1680680867.8159087,183,381.74591062400094
94.14044117927551,1680680868.2764885,184,383.82061666000095
94.58445239067078,1680680868.7205005,185,385.89532269600096
95.01816129684448,1680680869.1494777,186,387.97002873200097
95.4261999130249,1680680869.5622432,187,390.044734768001
95.83243918418884,1680680869.9685462,188,392.119440804001
96.22971105575562,1680680870.3657165,189,394.194146840001
96.61841678619385,1680680870.7518702,190,396.268852876001
96.99433255195618,1680680871.1303797,191,398.343558912001
97.36919450759888,1680680871.5053084,192,400.418264948001
97.74064302444458,1680680871.87669,193,402.49297098400103
98.11823630332947,1680680872.2486458,194,404.56767702000104
98.47739362716675,1680680872.613439,195,406.64238305600105
98.84394264221191,1680680872.9799662,196,408.71708909200106
99.20684432983398,1680680873.342848,197,410.79179512800107
99.56822109222412,1680680873.697359,198,412.8665011640011
99.91845083236694,1680680874.0544467,199,414.9412072000011
100.26895427703857,1680680874.4049573,200,417.0159132360011
100.62622570991516,1680680874.7622702,201,419.0906192720011
100.98412847518921,1680680875.1201744,202,421.1653253080011
101.33635973930359,1680680875.472406,203,423.2400313440011
101.68949580192566,1680680875.825545,204,425.31473738000113
102.05435967445374,1680680876.190406,205,427.38944341600114
102.41856265068054,1680680876.5528605,206,429.46414945200115
102.78060579299927,1680680876.9166975,207,431.53885548800116
103.14905428886414,1680680877.2851489,208,433.61356152400117
103.52116894721985,1680680877.657173,209,435.6882675600012
103.9010238647461,1680680878.037117,210,437.7629735960012
104.28923034667969,1680680878.4252474,211,439.8376796320012
104.68016004562378,1680680878.8162062,212,441.9123856680012
105.07679104804993,1680680879.212807,213,443.9870917040012
105.47451949119568,1680680879.610565,214,446.0617977400012
105.87128520011902,1680680880.00728,215,448.13650377600123
106.26833939552307,1680680880.3978977,216,450.21120981200124
106.6498749256134,1680680880.7859805,217,452.28591584800125
107.03612184524536,1680680881.172169,218,454.36062188400126
107.41827821731567,1680680881.5512998,219,456.43532792000127
107.79855513572693,1680680881.9346461,220,458.5100339560013
108.1793532371521,1680680882.315399,221,460.5847399920013
108.56004929542542,1680680882.6960545,222,462.6594460280013
108.94161629676819,1680680883.077621,223,464.7341520640013
109.3201150894165,1680680883.4539874,224,466.8088581000013
109.69792556762695,1680680883.833948,225,468.8835641360013
110.07912540435791,1680680884.21514,226,470.95827017200133
110.46980333328247,1680680884.5989428,227,473.03297620800134
110.84027075767517,1680680884.976361,228,475.10768224400135
111.22098231315613,1680680885.356974,229,477.18238828000136
111.59499096870422,1680680885.7310376,230,479.25709431600137
111.97220873832703,1680680886.1081295,231,481.3318003520014
112.34651041030884,1680680886.4825559,232,483.4065063880014
112.72132682800293,1680680886.8573315,233,485.4812124240014
113.09551763534546,1680680887.2316253,234,487.5559184600014
113.47007274627686,1680680887.6043766,235,489.6306244960014
113.84399461746216,1680680887.9801066,236,491.7053305320014
114.20945930480957,1680680888.3455043,237,493.78003656800144
114.58151197433472,1680680888.7175174,238,495.85474260400144
114.94623756408691,1680680889.0822856,239,497.92944864000145
115.32021307945251,1680680889.4540715,240,500.00415467600146
115.68286228179932,1680680889.8188703,241,502.0788607120015
116.05054879188538,1680680890.186551,242,504.1535667480015
116.4198968410492,1680680890.5524821,243,506.2282727840015
116.77613520622253,1680680890.912228,244,508.3029788200015
117.1398983001709,1680680891.2759914,245,510.3776848560015
117.50704622268677,1680680891.6430943,246,512.4523908920015
117.88108348846436,1680680892.0171945,247,514.5270969280015
118.25166487693787,1680680892.3877115,248,516.6018029640014
118.62404489517212,1680680892.7601576,249,518.6765090000014
118.9942991733551,1680680893.1303463,250,520.7512150360013
119.36991167068481,1680680893.5020843,251,522.8259210720013
119.73199939727783,1680680893.8680904,252,524.9006271080012
120.09685564041138,1680680894.2329018,253,526.9753331440012
120.46994805335999,1680680894.5982525,254,529.0500391800011
120.82023882865906,1680680894.952774,255,531.1247452160011
121.18376660346985,1680680895.319813,256,533.199451252001
121.54394960403442,1680680895.6799629,257,535.274157288001
121.9021987915039,1680680896.038244,258,537.348863324001
122.26087284088135,1680680896.3973157,259,539.4235693600009
122.6214509010315,1680680896.7557354,260,541.4982753960008
122.9796142578125,1680680897.1159654,261,543.5729814320008
123.33978819847107,1680680897.4758358,262,545.6476874680008
123.69930696487427,1680680897.8353515,263,547.7223935040007
124.0576434135437,1680680898.193687,264,549.7970995400007
124.42131757736206,1680680898.5521543,265,551.8718055760006
124.77565574645996,1680680898.9117029,266,553.9465116120006
125.13331389427185,1680680899.269326,267,556.0212176480005
125.48840928077698,1680680899.624456,268,558.0959236840005
125.84310483932495,1680680899.979151,269,560.1706297200004
126.1985092163086,1680680900.334957,270,562.2453357560004
126.55487298965454,1680680900.690918,271,564.3200417920003
126.91140222549438,1680680901.047448,272,566.3947478280003
127.2714102268219,1680680901.402717,273,568.4694538640002
127.6279227733612,1680680901.763971,274,570.5441599000002
127.98767709732056,1680680902.123726,275,572.6188659360001
128.34216856956482,1680680902.4782157,276,574.6935719720001
128.69254994392395,1680680902.8289447,277,576.768278008
129.04074597358704,1680680903.177247,278,578.842984044
129.39016342163086,1680680903.5262094,279,580.9176900799999
129.73977875709534,1680680903.8761363,280,582.9923961159999
130.08893609046936,1680680904.2249808,281,585.0671021519998
130.439679145813,1680680904.5757246,282,587.1418081879998
130.79091024398804,1680680904.9272783,283,589.2165142239998
131.13747096061707,1680680905.2735136,284,591.2912202599997
131.48448753356934,1680680905.620534,285,593.3659262959997
131.83178305625916,1680680905.9677978,286,595.4406323319996
132.18605494499207,1680680906.3220508,287,597.5153383679996
132.52998900413513,1680680906.6660342,288,599.5900444039995
132.87247514724731,1680680907.008836,289,601.6647504399995
133.22292399406433,1680680907.358934,290,603.7394564759994
133.5733036994934,1680680907.7093492,291,605.8141625119994
133.9237186908722,1680680908.0600934,292,607.8888685479993
134.27276039123535,1680680908.4087727,293,609.9635745839993
134.62163043022156,1680680908.7567225,294,612.0382806199992
134.97161746025085,1680680909.1076632,295,614.1129866559992
135.32497811317444,1680680909.4609907,296,616.1876926919991
135.67819499969482,1680680909.8142426,297,618.2623987279991
136.03255414962769,1680680910.1685975,298,620.337104763999
136.38614749908447,1680680910.5221918,299,622.411810799999
136.740074634552,1680680910.8761227,300,624.4865168359989
137.09414958953857,1680680911.23019,301,626.5612228719989
137.44702458381653,1680680911.583071,302,628.6359289079988
137.7993757724762,1680680911.9354234,303,630.7106349439988
138.15154242515564,1680680912.2875884,304,632.7853409799988
138.50922775268555,1680680912.645274,305,634.8600470159987
138.87149786949158,1680680913.0007012,306,636.9347530519987
139.22160935401917,1680680913.3563123,307,639.0094590879986
139.57685565948486,1680680913.7129018,308,641.0841651239986
139.93428587913513,1680680914.0703332,309,643.1588711599985
140.28821873664856,1680680914.4242623,310,645.2335771959985
140.64347791671753,1680680914.7795253,311,647.3082832319984
141.00191521644592,1680680915.138288,312,649.3829892679984
141.35815858840942,1680680915.494204,313,651.4576953039983
141.72153902053833,1680680915.85201,314,653.5324013399983
142.0751190185547,1680680916.2111645,315,655.6071073759982
142.4332365989685,1680680916.5696156,316,657.6818134119982
142.79086637496948,1680680916.9272587,317,659.7565194479981
143.1506597995758,1680680917.2867048,318,661.8312254839981
143.5073893070221,1680680917.6434362,319,663.905931519998
143.8630919456482,1680680917.9991415,320,665.980637555998
144.22310543060303,1680680918.3565395,321,668.0553435919979
144.5740921497345,1680680918.710039,322,670.1300496279979
144.93048644065857,1680680919.0668552,323,672.2047556639978
145.28561758995056,1680680919.4216297,324,674.2794616999978
145.6386067867279,1680680919.7749724,325,676.3541677359977
145.992840051651,1680680920.128889,326,678.4288737719977
146.3474509716034,1680680920.48392,327,680.5035798079977
146.69868898391724,1680680920.8350751,328,682.5782858439976
147.05250644683838,1680680921.1885493,329,684.6529918799976
147.40439987182617,1680680921.540777,330,686.7276979159975
147.75865149497986,1680680921.8946633,331,688.8024039519975
148.1137444972992,1680680922.2501886,332,690.8771099879974
148.47412395477295,1680680922.6050143,333,692.9518160239974
148.82529997825623,1680680922.9613466,334,695.0265220599973
149.18300080299377,1680680923.319044,335,697.1012280959973
149.5426425933838,1680680923.6786563,336,699.1759341319972
149.90146374702454,1680680924.0375118,337,701.2506401679972
150.2627763748169,1680680924.39882,338,703.3253462039971
150.62492895126343,1680680924.7609727,339,705.4000522399971
150.99189400672913,1680680925.1279392,340,707.474758275997
151.35873198509216,1680680925.4947767,341,709.549464311997
151.72672939300537,1680680925.8627777,342,711.6241703479969
152.10214924812317,1680680926.238167,343,713.6988763839969
152.47764682769775,1680680926.6136656,344,715.7735824199968
152.8581190109253,1680680926.994129,345,717.8482884559968
153.2395510673523,1680680927.3755682,346,719.9229944919967
153.6278657913208,1680680927.7639725,347,721.9977005279967
154.02426552772522,1680680928.1585283,348,724.0724065639967
154.42512559890747,1680680928.5611491,349,726.1471125999966
154.84036469459534,1680680928.9767368,350,728.2218186359966
155.2743079662323,1680680929.409026,351,730.2965246719965
155.7134747505188,1680680929.8495831,352,732.3712307079965
156.17852663993835,1680680930.3145447,353,734.4459367439964
156.65975952148438,1680680930.795866,354,736.5206427799964
157.1571638584137,1680680931.2932794,355,738.5953488159963
157.67508697509766,1680680931.8111074,356,740.6700548519963
158.22406673431396,1680680932.3549395,357,742.7447608879962
158.75829243659973,1680680932.8943121,358,744.8194669239962
159.30383563041687,1680680933.4399455,359,746.8941729599961
159.87405967712402,1680680934.005389,360,748.9688789959961
160.45635199546814,1680680934.5923693,361,751.043585031996
161.06266117095947,1680680935.1986725,362,753.118291067996
161.69981217384338,1680680935.8359191,363,755.1929971039959
162.3741192817688,1680680936.5058317,364,757.2677031399959
163.07442498207092,1680680937.2104251,365,759.3424091759958
163.82438611984253,1680680937.959529,366,761.4171152119958
164.63054966926575,1680680938.766572,367,763.4918212479957
165.5885717868805,1680680939.7245903,368,765.5665272839957
167.09498691558838,1680680941.2310977,369,767.6412333199956
247.825425863266,1680681021.9567115,370,769.7159393559956
248.6484546661377,1680681022.7845597,371,771.7906453919956
249.286315202713,1680681023.4227512,372,773.8653514279955
249.85288858413696,1680681023.9889958,373,775.9400574639955
250.3813133239746,1680681024.5174243,374,778.0147634999954
250.8757610321045,1680681025.0057578,375,780.0894695359954
251.35135459899902,1680681025.4874632,376,782.1641755719953
251.7971475124359,1680681025.9331675,377,784.2388816079953
252.23737716674805,1680681026.3733675,378,786.3135876439952
252.67838501930237,1680681026.8147798,379,788.3882936799952
253.13932609558105,1680681027.2754748,380,790.4629997159951
253.58305430412292,1680681027.7190566,381,792.5377057519951
254.01072239875793,1680681028.1467648,382,794.612411787995
254.4295916557312,1680681028.56561,383,796.687117823995
254.82582831382751,1680681028.9613745,384,798.7618238599949
255.2331874370575,1680681029.3691761,385,800.8365298959949
255.65257024765015,1680681029.7886777,386,802.9112359319948
256.0639228820801,1680681030.1999404,387,804.9859419679948
256.4773545265198,1680681030.61346,388,807.0606480039947
256.87872767448425,1680681031.0147488,389,809.1353540399947
257.26216554641724,1680681031.3982716,390,811.2100600759946
257.6468393802643,1680681031.7828283,391,813.2847661119946
258.0260570049286,1680681032.1598117,392,815.3594721479946
258.39103984832764,1680681032.527046,393,817.4341781839945
258.7579343318939,1680681032.893924,394,819.5088842199945
259.1256341934204,1680681033.2539911,395,821.5835902559944
259.47562170028687,1680681033.6077993,396,823.6582962919944
259.8256311416626,1680681033.955692,397,825.7330023279943
260.160630941391,1680681034.2966182,398,827.8077083639943
260.4944152832031,1680681034.6304631,399,829.8824143999942
260.838255405426,1680681034.9742777,400,831.9571204359942
261.17677307128906,1680681035.3128188,401,834.0318264719941
261.84595012664795,1680681035.9819744,402,836.1065325079941
262.17571806907654,1680681036.3083127,403,838.181238543994
262.5032465457916,1680681036.639269,404,840.255944579994
262.830525636673,1680681036.9665458,405,842.3306506159939
263.1467342376709,1680681037.2827818,406,844.4053566519939
263.47590589523315,1680681037.6093445,407,846.4800626879938
263.79934906959534,1680681037.9354956,408,848.5547687239938
264.12615299224854,1680681038.262113,409,850.6294747599937
264.45204281806946,1680681038.5881844,410,852.7041807959937
264.78657841682434,1680681038.9226253,411,854.7788868319936
265.10205936431885,1680681039.2381046,412,856.8535928679936
265.42607498168945,1680681039.5590746,413,858.9282989039936
265.7524058818817,1680681039.888455,414,861.0030049399935
266.08447313308716,1680681040.220519,415,863.0777109759935
266.41300678253174,1680681040.5490525,416,865.1524170119934
266.739803314209,1680681040.8758497,417,867.2271230479934
267.07630157470703,1680681041.2101588,418,869.3018290839933
267.4049596786499,1680681041.5409822,419,871.3765351199933
267.72928166389465,1680681041.8652883,420,873.4512411559932
268.05540704727173,1680681042.1915019,421,875.5259471919932
268.3889834880829,1680681042.5250742,422,877.6006532279931
268.717161655426,1680681042.8532045,423,879.6753592639931
269.0451581478119,1680681043.181196,424,881.750065299993
269.37689232826233,1680681043.5082228,425,883.824771335993
269.7044072151184,1680681043.8404546,426,885.8994773719929
270.0351755619049,1680681044.171222,427,887.9741834079929
270.3644599914551,1680681044.5005062,428,890.0488894439928
270.694406747818,1680681044.8304534,429,892.1235954799928
271.02734112739563,1680681045.1620593,430,894.1983015159927
271.3582994937897,1680681045.4943454,431,896.2730075519927
271.6894066333771,1680681045.825454,432,898.3477135879926
272.0269982814789,1680681046.1574683,433,900.4224196239926
272.3512604236603,1680681046.487308,434,902.4971256599925
272.6816761493683,1680681046.817619,435,904.5718316959925
273.00955533981323,1680681047.1455967,436,906.6465377319925
273.3472111225128,1680681047.4833045,437,908.7212437679924
273.67725229263306,1680681047.8107128,438,910.7959498039924
274.0006332397461,1680681048.1367338,439,912.8706558399923
274.3358907699585,1680681048.4719357,440,914.9453618759923
274.66389989852905,1680681048.799947,441,917.0200679119922
274.9923520088196,1680681049.1283731,442,919.0947739479922
275.31849122047424,1680681049.4545364,443,921.1694799839921
275.64786767959595,1680681049.783874,444,923.2441860199921
275.9784953594208,1680681050.112372,445,925.318892055992
276.3011291027069,1680681050.4371321,446,927.393598091992
276.6284987926483,1680681050.7640698,447,929.4683041279919
276.9568021297455,1680681051.0928493,448,931.5430101639919
277.2844398021698,1680681051.4205332,449,933.6177161999918
277.61135816574097,1680681051.7474053,450,935.6924222359918
277.9366183280945,1680681052.072638,451,937.7671282719917
278.2619979381561,1680681052.3980446,452,939.8418343079917
278.5874779224396,1680681052.7235265,453,941.9165403439916
278.9121651649475,1680681053.0482125,454,943.9912463799916
279.23668479919434,1680681053.3727257,455,946.0659524159915
279.5618853569031,1680681053.6979313,456,948.1406584519915
279.88542890548706,1680681054.021448,457,950.2153644879915
280.2064037322998,1680681054.3423984,458,952.2900705239914
280.5310699939728,1680681054.6670752,459,954.3647765599914
280.85708928108215,1680681054.993137,460,956.4394825959913
281.1878719329834,1680681055.323965,461,958.5141886319913
281.5283577442169,1680681055.6587467,462,960.5888946679912
281.85383462905884,1680681055.9898818,463,962.6636007039912
282.1794807910919,1680681056.3154852,464,964.7383067399911
282.4948034286499,1680681056.6308498,465,966.8130127759911
282.8083086013794,1680681056.9443154,466,968.887718811991
283.12830662727356,1680681057.259207,467,970.962424847991
283.43938279151917,1680681057.5754943,468,973.0371308839909
283.763400554657,1680681057.899409,469,975.1118369199909
284.08185052871704,1680681058.2178516,470,977.1865429559908
284.4112148284912,1680681058.54726,471,979.2612489919908
284.7307150363922,1680681058.8667202,472,981.3359550279907
285.04954862594604,1680681059.1855922,473,983.4106610639907
285.37832498550415,1680681059.5071156,474,985.4853670999906
285.69231629371643,1680681059.8283627,475,987.5600731359906
286.0054132938385,1680681060.1399584,476,989.6347791719905
286.3353717327118,1680681060.4714181,477,991.7094852079905
286.6576476097107,1680681060.7936945,478,993.7841912439904
286.98120307922363,1680681061.1171799,479,995.8588972799904
287.3035614490509,1680681061.4395661,480,997.9336033159904
287.62868428230286,1680681061.763409,481,1000.0083093519903
287.95024967193604,1680681062.0862534,482,1002.0830153879903
288.2787330150604,1680681062.4130282,483,1004.1577214239902
288.6012830734253,1680681062.7372904,484,1006.2324274599902
288.92872738838196,1680681063.0634062,485,1008.3071334959901
289.2546589374542,1680681063.3907044,486,1010.3818395319901
289.5818338394165,1680681063.7178283,487,1012.45654556799
289.9078550338745,1680681064.0439022,488,1014.53125160399
290.24335289001465,1680681064.3793561,489,1016.6059576399899
290.5785632133484,1680681064.7120152,490,1018.6806636759899
290.90881061553955,1680681065.0448577,491,1020.7553697119898
291.24829387664795,1680681065.3843408,492,1022.8300757479898
291.5895254611969,1680681065.7255726,493,1024.9047817839898
291.9289014339447,1680681066.0627406,494,1026.9794878199898
292.26924991607666,1680681066.4052954,495,1029.0541938559898
292.6189410686493,1680681066.755031,496,1031.1288998919897
292.9693830013275,1680681067.1054752,497,1033.2036059279897
293.3207905292511,1680681067.4568841,498,1035.2783119639896
293.6805610656738,1680681067.8092904,499,1037.3530179999896
294.03172421455383,1680681068.1677263,500,1039.4277240359895
294.3899486064911,1680681068.5260413,501,1041.5024300719895
294.74827218055725,1680681068.8843153,502,1043.5771361079894
295.10815501213074,1680681069.244145,503,1045.6518421439894
295.4705798625946,1680681069.6065679,504,1047.7265481799893
295.8335359096527,1680681069.9695573,505,1049.8012542159893
296.20166301727295,1680681070.3376818,506,1051.8759602519892
296.5682649612427,1680681070.7042847,507,1053.9506662879892
296.93742537498474,1680681071.073446,508,1056.0253723239891
297.3035497665405,1680681071.4395733,509,1058.100078359989
297.680584192276,1680681071.8106527,510,1060.174784395989
298.0459475517273,1680681072.181961,511,1062.249490431989
298.41844487190247,1680681072.554551,512,1064.324196467989
298.80159616470337,1680681072.9376173,513,1066.398902503989
299.1856496334076,1680681073.3216941,514,1068.4736085399888
299.580628156662,1680681073.7128053,515,1070.5483145759888
299.98205614089966,1680681074.1181693,516,1072.6230206119887
300.3850464820862,1680681074.5211601,517,1074.6977266479887
300.7866861820221,1680681074.9227946,518,1076.7724326839887
301.18902373313904,1680681075.325139,519,1078.8471387199886
301.5911154747009,1680681075.727138,520,1080.9218447559886
301.99537467956543,1680681076.131397,521,1082.9965507919885
302.38877177238464,1680681076.5247908,522,1085.0712568279885
302.7809133529663,1680681076.9147918,523,1087.1459628639884
303.16900300979614,1680681077.3051124,524,1089.2206688999884
303.56158804893494,1680681077.6975734,525,1091.2953749359883
303.9502682685852,1680681078.0862918,526,1093.3700809719883
304.3374457359314,1680681078.4734638,527,1095.4447870079882
304.73075556755066,1680681078.8599162,528,1097.5194930439882
305.1101551055908,1680681079.246267,529,1099.5941990799881
305.49207949638367,1680681079.6280975,530,1101.668905115988
305.88070797920227,1680681080.0137372,531,1103.743611151988
306.2521770000458,1680681080.3881698,532,1105.818317187988
306.64492559432983,1680681080.7809465,533,1107.893023223988
307.03080344200134,1680681081.1625464,534,1109.967729259988
307.40887236595154,1680681081.54498,535,1112.0424352959878
307.80004048347473,1680681081.936064,536,1114.1171413319878
308.18230867385864,1680681082.3183289,537,1116.1918473679877
308.56694054603577,1680681082.7029622,538,1118.2665534039877
308.955402135849,1680681083.0914242,539,1120.3412594399877
309.33460903167725,1680681083.470655,540,1122.4159654759876
309.7210168838501,1680681083.8571124,541,1124.4906715119876
310.10325288772583,1680681084.2393649,542,1126.5653775479875
310.4871623516083,1680681084.6231816,543,1128.6400835839875
310.87185168266296,1680681085.007878,544,1130.7147896199874
311.25817036628723,1680681085.394188,545,1132.7894956559874
311.64477252960205,1680681085.7808795,546,1134.8642016919873
312.0338807106018,1680681086.1699886,547,1136.9389077279873
312.423193693161,1680681086.5592148,548,1139.0136137639872
312.8202772140503,1680681086.9563005,549,1141.0883197999872
313.21402740478516,1680681087.3500473,550,1143.1630258359871
313.6028051376343,1680681087.7387967,551,1145.237731871987
314.0035560131073,1680681088.139578,552,1147.312437907987
314.39441752433777,1680681088.530438,553,1149.387143943987
314.792115688324,1680681088.9281392,554,1151.461849979987
315.5832266807556,1680681089.7183607,555,1153.536556015987
315.9714493751526,1680681090.1074698,556,1155.6112620519868
316.35481905937195,1680681090.4909267,557,1157.6859680879868
316.74044370651245,1680681090.8764663,558,1159.7606741239867
317.13324332237244,1680681091.2692335,559,1161.8353801599867
317.5330047607422,1680681091.6638527,560,1163.9100861959867
317.9206573963165,1680681092.0567677,561,1165.9847922319866
318.3123905658722,1680681092.448499,562,1168.0594982679866
318.7010862827301,1680681092.8371933,563,1170.1342043039865
319.09158635139465,1680681093.2276947,564,1172.2089103399865
319.48325872421265,1680681093.6136837,565,1174.2836163759864
319.8856883049011,1680681094.0217097,566,1176.3583224119864
320.2830035686493,1680681094.4147546,567,1178.4330284479863
320.66471576690674,1680681094.8006873,568,1180.5077344839863
321.056015253067,1680681095.1920326,569,1182.5824405199862
321.4468183517456,1680681095.5828378,570,1184.6571465559862
321.83309602737427,1680681095.9635248,571,1186.7318525919861
322.2146875858307,1680681096.3507974,572,1188.806558627986
322.60075783729553,1680681096.7367792,573,1190.881264663986
322.97432255744934,1680681097.1103437,574,1192.955970699986
323.3497061729431,1680681097.4857285,575,1195.030676735986
323.7340636253357,1680681097.8623703,576,1197.105382771986
324.10388565063477,1680681098.239994,577,1199.1800888079858
324.47454047203064,1680681098.6105614,578,1201.2547948439858
324.8454577922821,1680681098.9814813,579,1203.3295008799857
325.21165013313293,1680681099.3476725,580,1205.4042069159857
325.57328391075134,1680681099.709389,581,1207.4789129519856
325.9428720474243,1680681100.078984,582,1209.5536189879856
326.30379986763,1680681100.4398189,583,1211.6283250239856
326.6700885295868,1680681100.806196,584,1213.7030310599855
327.0345892906189,1680681101.1705916,585,1215.7777370959855
327.3935763835907,1680681101.5295696,586,1217.8524431319854
327.7639389038086,1680681101.8999646,587,1219.9271491679854
328.12453603744507,1680681102.2605548,588,1222.0018552039853
328.4845292568207,1680681102.617957,589,1224.0765612399853
328.8472216129303,1680681102.9832046,590,1226.1512672759852
329.2057213783264,1680681103.3417413,591,1228.2259733119852
329.56556510925293,1680681103.701587,592,1230.3006793479851
329.9182868003845,1680681104.05431,593,1232.375385383985
330.28435754776,1680681104.4147794,594,1234.450091419985
330.6346085071564,1680681104.7706017,595,1236.524797455985
331.0007083415985,1680681105.136715,596,1238.599503491985
331.356586933136,1680681105.4926054,597,1240.6742095279849
331.72353053092957,1680681105.8595533,598,1242.7489155639848
332.08798694610596,1680681106.2240052,599,1244.8236215999848
332.44859409332275,1680681106.5846152,600,1246.8983276359847
332.8127865791321,1680681106.9488928,601,1248.9730336719847
333.17478346824646,1680681107.3108926,602,1251.0477397079846
333.5348629951477,1680681107.6648638,603,1253.1224457439846
333.8954703807831,1680681108.0314612,604,1255.1971517799846
334.2653124332428,1680681108.4013321,605,1257.2718578159845
334.634654045105,1680681108.7676532,606,1259.3465638519845
334.9967324733734,1680681109.1328373,607,1261.4212698879844
335.3594160079956,1680681109.4954352,608,1263.4959759239844
335.73471426963806,1680681109.8642988,609,1265.5706819599843
336.09523701667786,1680681110.2312403,610,1267.6453879959843
336.4643039703369,1680681110.6003282,611,1269.7200940319842
336.83487010002136,1680681110.969998,612,1271.7948000679842
337.19800448417664,1680681111.334113,613,1273.8695061039841
337.5690233707428,1680681111.7050433,614,1275.944212139984
337.949734210968,1680681112.0857553,615,1278.018918175984
338.3215162754059,1680681112.457625,616,1280.093624211984
338.7093412876129,1680681112.8453612,617,1282.168330247984
339.09171438217163,1680681113.2278233,618,1284.2430362839839
339.48479747772217,1680681113.6139228,619,1286.3177423199838
339.8699264526367,1680681114.005948,620,1288.3924483559838
340.25872135162354,1680681114.3947423,621,1290.4671543919837
340.6474390029907,1680681114.783417,622,1292.5418604279837
341.03747272491455,1680681115.1735811,623,1294.6165664639836
341.43486189842224,1680681115.5635533,624,1296.6912724999836
341.81306982040405,1680681115.9491768,625,1298.7659785359835
342.2054190635681,1680681116.3415272,626,1300.8406845719835
342.6016938686371,1680681116.7377148,627,1302.9153906079835
342.99304389953613,1680681117.1290662,628,1304.9900966439834
343.38622760772705,1680681117.5223367,629,1307.0648026799834
343.7848243713379,1680681117.913141,630,1309.1395087159833
344.1847913265228,1680681118.3169663,631,1311.2142147519833
344.5850176811218,1680681118.7192936,632,1313.2889207879832
344.98749804496765,1680681119.1235185,633,1315.3636268239832
345.3907232284546,1680681119.5266995,634,1317.4383328599831
345.8063933849335,1680681119.9423854,635,1319.513038895983
346.2199296951294,1680681120.3559506,636,1321.587744931983
346.63511514663696,1680681120.7710915,637,1323.662450967983
347.04930686950684,1680681121.1853127,638,1325.737157003983
347.47544598579407,1680681121.6115522,639,1327.8118630399829
347.9062023162842,1680681122.042568,640,1329.8865690759828
348.345853805542,1680681122.481873,641,1331.9612751119828
348.8039815425873,1680681122.9400876,642,1334.0359811479827
349.2737305164337,1680681123.4097087,643,1336.1106871839827
349.7605576515198,1680681123.8966646,644,1338.1853932199826
350.2544322013855,1680681124.3904536,645,1340.2600992559826
350.74945759773254,1680681124.8855662,646,1342.3348052919825
351.23869371414185,1680681125.374674,647,1344.4095113279825
351.7410283088684,1680681125.8771405,648,1346.4842173639825
352.2508633136749,1680681126.3868804,649,1348.5589233999824
352.762610912323,1680681126.8986306,650,1350.6336294359824
353.28538274765015,1680681127.4157934,651,1352.7083354719823
353.80587887763977,1680681127.9419825,652,1354.7830415079823
354.3356297016144,1680681128.4686334,653,1356.8577475439822
354.86357259750366,1680681128.9999447,654,1358.9324535799822
355.38697481155396,1680681129.5234196,655,1361.0071596159821
355.9048705101013,1680681130.0408785,656,1363.081865651982
356.41188621520996,1680681130.547888,657,1365.156571687982
356.91825699806213,1680681131.0546944,658,1367.231277723982
357.4166269302368,1680681131.552673,659,1369.305983759982
357.91046619415283,1680681132.046845,660,1371.3806897959819
358.40031719207764,1680681132.5363312,661,1373.4553958319818
358.8997311592102,1680681133.0357783,662,1375.5301018679818
359.3932511806488,1680681133.5292916,663,1377.6048079039817
359.8856964111328,1680681134.019092,664,1379.6795139399817
360.37162566185,1680681134.5076709,665,1381.7542199759816
360.8542995452881,1680681134.9903457,666,1383.8289260119816
361.33576679229736,1680681135.4662309,667,1385.9036320479815
361.802273273468,1680681135.9383192,668,1387.9783380839815
362.2773756980896,1680681136.41341,669,1390.0530441199815
362.75352239608765,1680681136.889908,670,1392.1277501559814
363.2372193336487,1680681137.3685236,671,1394.2024561919814
363.7091910839081,1680681137.8455958,672,1396.2771622279813
364.1875789165497,1680681138.3236244,673,1398.3518682639813
364.66551184654236,1680681138.8018913,674,1400.4265742999812
365.1417820453644,1680681139.2777953,675,1402.5012803359812
365.61589097976685,1680681139.7519395,676,1404.5759863719811
366.0879454612732,1680681140.2244322,677,1406.650692407981
366.5513849258423,1680681140.687433,678,1408.725398443981
367.00411224365234,1680681141.1401582,679,1410.800104479981
367.4462797641754,1680681141.5823233,680,1412.874810515981
367.8874604701996,1680681142.0209017,681,1414.9495165519809
368.3146584033966,1680681142.4507008,682,1417.0242225879808
368.7426040172577,1680681142.8786473,683,1419.0989286239808
369.17534923553467,1680681143.3113925,684,1421.1736346599807
369.6074788570404,1680681143.7435277,685,1423.2483406959807
370.0443208217621,1680681144.180367,686,1425.3230467319806
370.47878646850586,1680681144.614807,687,1427.3977527679806
370.914826631546,1680681145.0508714,688,1429.4724588039805
371.33908128738403,1680681145.4750624,689,1431.5471648399805
371.75388860702515,1680681145.890252,690,1433.6218708759804
372.16916036605835,1680681146.3055995,691,1435.6965769119804
372.58869433403015,1680681146.719887,692,1437.7712829479804
372.97751021385193,1680681147.1135333,693,1439.8459889839803
373.38894510269165,1680681147.5175924,694,1441.9206950199803
373.77916860580444,1680681147.9151928,695,1443.9954010559802
374.1772356033325,1680681148.3132586,696,1446.0701070919802
374.5722117424011,1680681148.7082212,697,1448.1448131279801
374.96643829345703,1680681149.102461,698,1450.21951916398
375.35824179649353,1680681149.494266,699,1452.29422519998
375.7459931373596,1680681149.8820221,700,1454.36893123598
376.13920855522156,1680681150.2721848,701,1456.44363727198
376.520795583725,1680681150.6568186,702,1458.5183433079799
376.9093441963196,1680681151.0454626,703,1460.5930493439798
377.2892150878906,1680681151.4252026,704,1462.6677553799798
377.6711497306824,1680681151.8072736,705,1464.7424614159797
378.0432891845703,1680681152.1792974,706,1466.8171674519797
378.4265196323395,1680681152.5625293,707,1468.8918734879796
378.8052761554718,1680681152.9412913,708,1470.9665795239796
379.1890215873718,1680681153.3173132,709,1473.0412855599795
379.55939388275146,1680681153.6954076,710,1475.1159915959795
379.9394736289978,1680681154.0755856,711,1477.1906976319794
380.3240828514099,1680681154.4600923,712,1479.2654036679794
380.7135229110718,1680681154.8495424,713,1481.3401097039794
381.10691475868225,1680681155.243035,714,1483.4148157399793
381.5029044151306,1680681155.638897,715,1485.4895217759793
381.90787291526794,1680681156.0438945,716,1487.5642278119792
382.3120319843292,1680681156.4481416,717,1489.6389338479792
382.71984791755676,1680681156.8558521,718,1491.713639883979
383.1283230781555,1680681157.2643404,719,1493.788345919979
383.54302048683167,1680681157.6790419,720,1495.863051955979
383.9589478969574,1680681158.0949707,721,1497.937757991979
384.3890314102173,1680681158.5178132,722,1500.012464027979
384.81292486190796,1680681158.9489458,723,1502.0871700639789
385.2419581413269,1680681159.378067,724,1504.1618760999788
385.6890342235565,1680681159.8212147,725,1506.2365821359788
386.1269953250885,1680681160.263013,726,1508.3112881719787
386.5718238353729,1680681160.707847,727,1510.3859942079787
387.02323746681213,1680681161.1592515,728,1512.4607002439786
387.4785666465759,1680681161.6145864,729,1514.5354062799786
387.9469356536865,1680681162.0829468,730,1516.6101123159785
388.40353417396545,1680681162.5396445,731,1518.6848183519785
388.8512318134308,1680681162.9872537,732,1520.7595243879784
389.2963984012604,1680681163.4324174,733,1522.8342304239784
389.73925399780273,1680681163.8679662,734,1524.9089364599783
390.13929986953735,1680681164.2692885,735,1526.9836424959783
390.51017594337463,1680681164.6462822,736,1529.0583485319783
390.8604724407196,1680681164.9964113,737,1531.1330545679782
391.2019190788269,1680681165.3379405,738,1533.2077606039782
391.52292919158936,1680681165.6589496,739,1535.282466639978
391.84610319137573,1680681165.9821248,740,1537.357172675978
392.1619281768799,1680681166.2980382,741,1539.431878711978
392.47664618492126,1680681166.6126685,742,1541.506584747978
392.7975196838379,1680681166.9335334,743,1543.581290783978
393.1227352619171,1680681167.2587447,744,1545.6559968199779
393.4392366409302,1680681167.5718377,745,1547.7307028559778
393.7483375072479,1680681167.884361,746,1549.8054088919778
394.06043696403503,1680681168.1964524,747,1551.8801149279777
394.3633496761322,1680681168.4993722,748,1553.9548209639777
394.66689825057983,1680681168.8029218,749,1556.0295269999776
395.031179189682,1680681169.0940447,750,1558.1042330359776
395.2720720767975,1680681169.4080942,751,1560.1789390719775
395.5676100254059,1680681169.703633,752,1562.2536451079775
395.86074924468994,1680681169.9967713,753,1564.3283511439774
396.43005990982056,1680681170.56608,754,1566.4030571799774
397.29108357429504,1680681171.4193654,755,1568.4777632159773
398.11944341659546,1680681172.2555652,756,1570.5524692519773
398.66168546676636,1680681172.7977052,757,1572.6271752879773
399.7213008403778,1680681173.8573217,758,1574.7018813239772
401.291748046875,1680681175.4277663,759,1576.7765873599772
407.07926988601685,1680681181.215287,760,1578.851293395977
407.61625266075134,1680681181.7522712,761,1580.925999431977
411.1716482639313,1680681185.3076649,762,1583.000705467977
414.58187460899353,1680681188.717893,763,1585.075411503977
414.87290954589844,1680681189.008932,764,1587.150117539977
415.16537594795227,1680681189.301392,765,1589.2248235759769
415.4576473236084,1680681189.5936675,766,1591.2995296119768
416.0547504425049,1680681190.1907547,767,1593.3742356479768
416.35369515419006,1680681190.4897177,768,1595.4489416839767
416.65622663497925,1680681190.7922332,769,1597.5236477199767
416.960839509964,1680681191.0969462,770,1599.5983537559766
417.2680838108063,1680681191.4041052,771,1601.6730597919766
417.5768232345581,1680681191.712846,772,1603.7477658279765
417.89161252975464,1680681192.0237877,773,1605.8224718639765
418.20252108573914,1680681192.3385403,774,1607.8971778999764
418.51329803466797,1680681192.6493213,775,1609.9718839359764
418.8242907524109,1680681192.960312,776,1612.0465899719763
419.14401054382324,1680681193.2800305,777,1614.1212960079763
419.4479262828827,1680681193.5839074,778,1616.1960020439763
419.7588279247284,1680681193.8948069,779,1618.2707080799762
420.069792509079,1680681194.2057717,780,1620.3454141159762
420.3964900970459,1680681194.5325115,781,1622.420120151976
420.69188475608826,1680681194.8223383,782,1624.494826187976
421.00271368026733,1680681195.1387045,783,1626.569532223976
421.3096356391907,1680681195.4456542,784,1628.644238259976
421.62034273147583,1680681195.7564492,785,1630.718944295976
421.9227147102356,1680681196.0590343,786,1632.7936503319759
422.23353385925293,1680681196.3695223,787,1634.8683563679758
422.5316023826599,1680681196.6676252,788,1636.9430624039758
422.8430218696594,1680681196.9756281,789,1639.0177684399757
423.1500151157379,1680681197.2861254,790,1641.0924744759757
423.44862484931946,1680681197.5846474,791,1643.1671805119756
423.7488534450531,1680681197.8848748,792,1645.2418865479756
424.05931091308594,1680681198.1953201,793,1647.3165925839755
424.36947417259216,1680681198.5054982,794,1649.3912986199755
424.6689224243164,1680681198.8049426,795,1651.4660046559754
424.9762456417084,1680681199.1123567,796,1653.5407106919754
425.28477144241333,1680681199.4207892,797,1655.6154167279753
425.59470677375793,1680681199.7302785,798,1657.6901227639753
425.89989399909973,1680681200.035876,799,1659.7648287999752
426.517942905426,1680681200.6540554,800,1661.8395348359752
426.8237521648407,1680681200.9597754,801,1663.9142408719752
427.1355173587799,1680681201.2715318,802,1665.988946907975
427.4466962814331,1680681201.582717,803,1668.063652943975
427.75175523757935,1680681201.887859,804,1670.138358979975
428.0590786933899,1680681202.195096,805,1672.213065015975
428.37479996681213,1680681202.5108223,806,1674.287771051975
428.69578552246094,1680681202.8318913,807,1676.3624770879749
429.016578912735,1680681203.1526005,808,1678.4371831239748
429.34537172317505,1680681203.474088,809,1680.5118891599748
429.6619293689728,1680681203.7979481,810,1682.5865951959747
429.99542450904846,1680681204.1253905,811,1684.6613012319747
430.3139433860779,1680681204.449923,812,1686.7360072679746
430.64532017707825,1680681204.7766497,813,1688.8107133039746
430.96659564971924,1680681205.1027017,814,1690.8854193399745
431.3025460243225,1680681205.4385643,815,1692.9601253759745
431.6456227302551,1680681205.7816093,816,1695.0348314119744
431.9863049983978,1680681206.122329,817,1697.1095374479744
432.32208275794983,1680681206.4581041,818,1699.1842434839743
432.6662383079529,1680681206.8022616,819,1701.2589495199743
433.0099678039551,1680681207.1459906,820,1703.3336555559742
433.3603889942169,1680681207.4964075,821,1705.4083615919742
433.71378469467163,1680681207.8498082,822,1707.4830676279742
434.07078528404236,1680681208.2072146,823,1709.557773663974
434.4175052642822,1680681208.5535276,824,1711.632479699974
434.7803885936737,1680681208.9164102,825,1713.707185735974
435.13295435905457,1680681209.2689962,826,1715.781891771974
435.49630331993103,1680681209.6322644,827,1717.856597807974
435.85343313217163,1680681209.9895391,828,1719.9313038439739
436.22204089164734,1680681210.358025,829,1722.0060098799738
436.59602546691895,1680681210.7277856,830,1724.0807159159738
436.9564907550812,1680681211.0925345,831,1726.1554219519737
437.34608721733093,1680681211.4774163,832,1728.2301279879737
437.74625873565674,1680681211.8818321,833,1730.3048340239736
438.1666145324707,1680681212.302634,834,1732.3795400599736
438.59799432754517,1680681212.7339754,835,1734.4542460959735
439.06091475486755,1680681213.19694,836,1736.5289521319735
439.52214312553406,1680681213.6581645,837,1738.6036581679734
439.9964089393616,1680681214.130284,838,1740.6783642039734
440.46988463401794,1680681214.6060004,839,1742.7530702399733
440.94611287117004,1680681215.0774448,840,1744.8277762759733
441.4065611362457,1680681215.5426705,841,1746.9024823119732
441.8541474342346,1680681215.9901657,842,1748.9771883479732
442.3066725730896,1680681216.4427822,843,1751.0518943839731
442.7483344078064,1680681216.8844547,844,1753.126600419973
443.1822581291199,1680681217.31828,845,1755.201306455973
443.60865807533264,1680681217.7447634,846,1757.276012491973
444.0297706127167,1680681218.1657946,847,1759.350718527973
444.45119047164917,1680681218.5872085,848,1761.425424563973
444.8717534542084,1680681219.0080924,849,1763.5001305999729
445.2981767654419,1680681219.4341948,850,1765.5748366359728
445.7137243747711,1680681219.8497388,851,1767.6495426719728
446.1241729259491,1680681220.2602968,852,1769.7242487079727
446.53307151794434,1680681220.6690927,853,1771.7989547439727
446.94626688957214,1680681221.075424,854,1773.8736607799726
447.34656405448914,1680681221.482548,855,1775.9483668159726
447.74728775024414,1680681221.8833072,856,1778.0230728519725
448.1465549468994,1680681222.2825537,857,1780.0977788879725
448.5465009212494,1680681222.6803749,858,1782.1724849239724
448.94629311561584,1680681223.075455,859,1784.2471909599724
449.3308675289154,1680681223.4668462,860,1786.3218969959723
449.7169201374054,1680681223.8530264,861,1788.3966030319723
450.1083872318268,1680681224.2444978,862,1790.4713090679722
450.49629282951355,1680681224.6293197,863,1792.5460151039722
450.87533688545227,1680681225.0114498,864,1794.6207211399721
451.25308656692505,1680681225.3891037,865,1796.695427175972
451.6294205188751,1680681225.7654436,866,1798.770133211972
452.0062611103058,1680681226.1422834,867,1800.844839247972
452.3794467449188,1680681226.5155556,868,1802.919545283972
452.75116872787476,1680681226.8871572,869,1804.994251319972
453.1201984882355,1680681227.2563057,870,1807.0689573559719
453.48703598976135,1680681227.623016,871,1809.1436633919718
453.86276054382324,1680681227.9987836,872,1811.2183694279718
454.2467465400696,1680681228.3763764,873,1813.2930754639717
454.6234760284424,1680681228.7595823,874,1815.3677814999717
455.00259470939636,1680681229.138912,875,1817.4424875359716
455.3968267440796,1680681229.5251207,876,1819.5171935719716
455.78393387794495,1680681229.920039,877,1821.5918996079715
456.18056416511536,1680681230.316571,878,1823.6666056439715
456.5798225402832,1680681230.7158062,879,1825.7413116799714
456.9778482913971,1680681231.1138713,880,1827.8160177159714
457.38210916519165,1680681231.5182188,881,1829.8907237519713
457.7968783378601,1680681231.9251816,882,1831.9654297879713
458.1968126296997,1680681232.3268354,883,1834.0401358239712
458.5856137275696,1680681232.721635,884,1836.1148418599712
458.9821786880493,1680681233.118201,885,1838.1895478959711
459.3740072250366,1680681233.510116,886,1840.264253931971
459.76676988601685,1680681233.902876,887,1842.338959967971
460.15165066719055,1680681234.28776,888,1844.413666003971
460.5302302837372,1680681234.6663382,889,1846.488372039971
460.9165143966675,1680681235.0525358,890,1848.563078075971
461.2968785762787,1680681235.4286134,891,1850.6377841119709
461.6746757030487,1680681235.810657,892,1852.7124901479708
462.05101704597473,1680681236.1870377,893,1854.7871961839708
462.43396282196045,1680681236.5699835,894,1856.8619022199707
462.81146812438965,1680681236.9474905,895,1858.9366082559707
463.1848523616791,1680681237.3208718,896,1861.0113142919706
463.5657892227173,1680681237.7017703,897,1863.0860203279706
463.9471158981323,1680681238.0805705,898,1865.1607263639705
464.3127040863037,1680681238.448726,899,1867.2354323999705
464.69688844680786,1680681238.8294873,900,1869.3101384359704
465.06463098526,1680681239.2006056,901,1871.3848444719704
465.437304019928,1680681239.5733168,902,1873.4595505079703
465.80659008026123,1680681239.9426122,903,1875.5342565439703
466.1758635044098,1680681240.3119726,904,1877.6089625799702
466.54713225364685,1680681240.6754112,905,1879.6836686159702
466.90829062461853,1680681241.0443122,906,1881.7583746519701
467.2743673324585,1680681241.4103873,907,1883.83308068797
467.647114276886,1680681241.775835,908,1885.90778672397
467.99887228012085,1680681242.135198,909,1887.98249275997
468.362099647522,1680681242.4981208,910,1890.05719879597
468.7242064476013,1680681242.8602097,911,1892.13190483197
469.08505392074585,1680681243.2210746,912,1894.2066108679699
469.43621492385864,1680681243.5723221,913,1896.2813169039698
469.79709005355835,1680681243.9288392,914,1898.3560229399698
470.14710235595703,1680681244.2788503,915,1900.4307289759697
470.49708914756775,1680681244.6284194,916,1902.5054350119697
470.83835220336914,1680681244.9743319,917,1904.5801410479696
471.17995977401733,1680681245.3159783,918,1906.6548470839696
471.5182042121887,1680681245.6542275,919,1908.7295531199695
471.85395216941833,1680681245.9899333,920,1910.8042591559695
472.1854817867279,1680681246.3215883,921,1912.8789651919694
472.5119216442108,1680681246.6480289,922,1914.9536712279694
472.8480682373047,1680681246.979821,923,1917.0283772639693
473.16490411758423,1680681247.300925,924,1919.1030832999693
473.49807715415955,1680681247.6298304,925,1921.1777893359692
473.81137776374817,1680681247.9474816,926,1923.2524953719692
474.1269428730011,1680681248.2629614,927,1925.3272014079691
474.4377815723419,1680681248.5738018,928,1927.401907443969
474.737224817276,1680681248.8732467,929,1929.476613479969
475.0488567352295,1680681249.1835642,930,1931.551319515969
475.350200176239,1680681249.4862447,931,1933.626025551969
475.65599751472473,1680681249.7920177,932,1935.700731587969
475.9538323879242,1680681250.0898142,933,1937.7754376239689
476.2509307861328,1680681250.3869486,934,1939.8501436599688
476.82842683792114,1680681250.964411,935,1941.9248496959688
477.12298822402954,1680681251.2591033,936,1943.9995557319687
477.41703248023987,1680681251.553139,937,1946.0742617679687
477.71387243270874,1680681251.8498936,938,1948.1489678039686
478.31006836891174,1680681252.4460897,939,1950.2236738399686
478.6120948791504,1680681252.7480772,940,1952.2983798759685
478.91460633277893,1680681253.0505903,941,1954.3730859119685
479.2199788093567,1680681253.3559964,942,1956.4477919479684
479.5246503353119,1680681253.6606703,943,1958.5224979839684
479.84827399253845,1680681253.9765794,944,1960.5972040199683
480.15272402763367,1680681254.2887006,945,1962.6719100559683
480.46659564971924,1680681254.6027026,946,1964.7466160919682
480.7841303348541,1680681254.9202318,947,1966.8213221279682
481.0984888076782,1680681255.2306514,948,1968.8960281639681
481.41951632499695,1680681255.555538,949,1970.970734199968
481.7484347820282,1680681255.881889,950,1973.045440235968
482.0700058937073,1680681256.2059813,951,1975.120146271968
482.3983736038208,1680681256.5291865,952,1977.194852307968
482.71671175956726,1680681256.8528168,953,1979.269558343968
483.0333323478699,1680681257.1680098,954,1981.3442643799679
483.36338925361633,1680681257.4994085,955,1983.4189704159678
483.6897828578949,1680681257.8258016,956,1985.4936764519678
484.0169880390167,1680681258.15301,957,1987.5683824879677
484.34957456588745,1680681258.480413,958,1989.6430885239677
484.6705222129822,1680681258.8066123,959,1991.7177945599676
484.9994697570801,1680681259.1320744,960,1993.7925005959676
485.322048664093,1680681259.4581575,961,1995.8672066319675
485.6579086780548,1680681259.7939324,962,1997.9419126679675
485.9890413284302,1680681260.1250634,963,2000.0166187039674
486.32357907295227,1680681260.4595997,964,2002.0913247399674
486.6600196361542,1680681260.7960422,965,2004.1660307759673
487.00349020957947,1680681261.1395125,966,2006.2407368119673
487.340913772583,1680681261.476933,967,2008.3154428479672
487.7007553577423,1680681261.8311136,968,2010.3901488839672
488.03318881988525,1680681262.1680315,969,2012.4648549199671
488.38233184814453,1680681262.518292,970,2014.539560955967
488.7274684906006,1680681262.8634903,971,2016.614266991967
489.0720887184143,1680681263.2081091,972,2018.688973027967
489.4172103404999,1680681263.5532322,973,2020.763679063967
489.7510304450989,1680681263.88659,974,2022.838385099967
490.10135293006897,1680681264.2373703,975,2024.9130911359669
490.43478870391846,1680681264.5708125,976,2026.9877971719668
490.78081130981445,1680681264.9168348,977,2029.0625032079668
491.1145839691162,1680681265.250532,978,2031.1372092439667
491.4569408893585,1680681265.5929625,979,2033.2119152799667
491.78997826576233,1680681265.9260857,980,2035.2866213159666
492.1355528831482,1680681266.2715726,981,2037.3613273519666
492.4710614681244,1680681266.6070833,982,2039.4360333879665
493.1569404602051,1680681267.2929027,983,2041.5107394239665
493.4904718399048,1680681267.6264944,984,2043.5854454599664
493.83707427978516,1680681267.9730954,985,2045.6601514959664
494.170916557312,1680681268.3070264,986,2047.7348575319663
494.5090458393097,1680681268.6450694,987,2049.8095635679665
494.8509337902069,1680681268.9830825,988,2051.8842696039665
495.18562602996826,1680681269.321646,989,2053.9589756399664
495.52602672576904,1680681269.6619792,990,2056.0336816759664
495.8690254688263,1680681270.005047,991,2058.1083877119663
496.2151291370392,1680681270.3511472,992,2060.1830937479663
496.55402660369873,1680681270.6900496,993,2062.257799783966
496.9010796546936,1680681271.0297313,994,2064.332505819966
497.2508432865143,1680681271.3808324,995,2066.407211855966
497.58265209198,1680681271.7187545,996,2068.481917891966
497.9227888584137,1680681272.05881,997,2070.556623927966
498.266224861145,1680681272.402235,998,2072.631329963966
498.609548330307,1680681272.7455676,999,2074.706035999966
498.95085096359253,1680681273.0808532,1000,2076.780742035966
499.28421783447266,1680681273.4202197,1001,2078.855448071966
499.6235282421112,1680681273.7595494,1002,2080.930154107966
499.9626786708832,1680681274.0987,1003,2083.0048601439657
500.30117988586426,1680681274.4371793,1004,2085.0795661799657
500.6511890888214,1680681274.7845182,1005,2087.1542722159656
500.9855763912201,1680681275.121683,1006,2089.2289782519656
501.32743191719055,1680681275.463451,1007,2091.3036842879656
501.6738028526306,1680681275.8098238,1008,2093.3783903239655
502.01174664497375,1680681276.1477714,1009,2095.4530963599655
502.7087984085083,1680681276.8448184,1010,2097.5278023959654
503.05419182777405,1680681277.190198,1011,2099.6025084319654
503.40092849731445,1680681277.533505,1012,2101.6772144679653
503.7404098510742,1680681277.8764293,1013,2103.7519205039653
504.08799481391907,1680681278.2240114,1014,2105.826626539965
504.43774032592773,1680681278.573694,1015,2107.901332575965
504.78578066825867,1680681278.9218035,1016,2109.976038611965
505.1296491622925,1680681279.2656262,1017,2112.050744647965
505.47377943992615,1680681279.6098857,1018,2114.125450683965
505.81424260139465,1680681279.950263,1019,2116.200156719965
506.167489528656,1680681280.3035047,1020,2118.274862755965
506.5133354663849,1680681280.649357,1021,2120.349568791965
506.862331867218,1680681280.9983523,1022,2122.424274827965
507.2268581390381,1680681281.362877,1023,2124.498980863965
507.5871157646179,1680681281.7230706,1024,2126.5736868999647
507.95200061798096,1680681282.088023,1025,2128.6483929359647
508.3299870491028,1680681282.4660091,1026,2130.7230989719646
508.7213087081909,1680681282.8574214,1027,2132.7978050079646
509.12732672691345,1680681283.2633126,1028,2134.8725110439646
509.5510895252228,1680681283.6810865,1029,2136.9472170799645
509.97725439071655,1680681284.1133013,1030,2139.0219231159645
510.4292540550232,1680681284.5653017,1031,2141.0966291519644
510.8838036060333,1680681285.019824,1032,2143.1713351879644
511.35434556007385,1680681285.4904554,1033,2145.2460412239643
511.8511207103729,1680681285.9819396,1034,2147.3207472599643
512.3342971801758,1680681286.4703157,1035,2149.395453295964
512.8227753639221,1680681286.958799,1036,2151.470159331964
513.3181335926056,1680681287.4541135,1037,2153.544865367964
513.8148307800293,1680681287.9508424,1038,2155.619571403964
514.3106603622437,1680681288.4467661,1039,2157.694277439964
514.8179068565369,1680681288.954013,1040,2159.768983475964
515.3326470851898,1680681289.468665,1041,2161.843689511964
515.8583190441132,1680681289.994338,1042,2163.918395547964
516.4011182785034,1680681290.5341358,1043,2165.993101583964
516.9343521595001,1680681291.0703776,1044,2168.067807619964
517.4859278202057,1680681291.6220374,1045,2170.1425136559637
518.0574498176575,1680681292.1934679,1046,2172.2172196919637
518.6410636901855,1680681292.7770858,1047,2174.2919257279636
519.2275400161743,1680681293.3636518,1048,2176.3666317639636
519.8076639175415,1680681293.9436843,1049,2178.4413377999635
520.3890995979309,1680681294.5251184,1050,2180.5160438359635
520.9658992290497,1680681295.101919,1051,2182.5907498719635
521.526337146759,1680681295.6624472,1052,2184.6654559079634
522.0863025188446,1680681296.2222478,1053,2186.7401619439634
522.6404223442078,1680681296.7764444,1054,2188.8148679799633
523.2015566825867,1680681297.3358517,1055,2190.8895740159633
523.7512876987457,1680681297.8795917,1056,2192.964280051963
524.2925238609314,1680681298.4286373,1057,2195.038986087963
524.8659474849701,1680681299.001971,1058,2197.113692123963
525.4719169139862,1680681299.6079352,1059,2199.188398159963
526.0647785663605,1680681300.2007883,1060,2201.263104195963
526.6144244670868,1680681300.750446,1061,2203.337810231963
527.1401488780975,1680681301.2761703,1062,2205.412516267963
527.6525247097015,1680681301.7851212,1063,2207.487222303963
528.130252122879,1680681302.266231,1064,2209.561928339963
528.5834908485413,1680681302.719512,1065,2211.636634375963
529.0526220798492,1680681303.1809566,1066,2213.7113404119627
529.4805686473846,1680681303.6166809,1067,2215.7860464479627
529.9064610004425,1680681304.042567,1068,2217.8607524839626
530.3391535282135,1680681304.4751313,1069,2219.9354585199626
530.7838351726532,1680681304.919858,1070,2222.0101645559625
531.21439909935,1680681305.3504167,1071,2224.0848705919625
531.6252572536469,1680681305.7612796,1072,2226.1595766279625
532.0333135128021,1680681306.168161,1073,2228.2342826639624
532.4292483329773,1680681306.565268,1074,2230.3089886999624
532.8177354335785,1680681306.953758,1075,2232.3836947359623
533.2036430835724,1680681307.3397517,1076,2234.4584007719623
533.5869257450104,1680681307.7229493,1077,2236.533106807962
533.9644429683685,1680681308.100426,1078,2238.607812843962
534.3527195453644,1680681308.4835582,1079,2240.682518879962
534.736184835434,1680681308.8722923,1080,2242.757224915962
535.1170899868011,1680681309.2530692,1081,2244.831930951962
535.5026700496674,1680681309.6352692,1082,2246.906636987962
535.8795876502991,1680681310.0156102,1083,2248.981343023962
536.2563290596008,1680681310.392347,1084,2251.056049059962
536.6327652931213,1680681310.7687879,1085,2253.130755095962
537.0058786869049,1680681311.141872,1086,2255.205461131962
537.3888385295868,1680681311.5248625,1087,2257.2801671679617
537.7695178985596,1680681311.9055388,1088,2259.3548732039617
538.1530637741089,1680681312.2868662,1089,2261.4295792399616
538.5302829742432,1680681312.6663058,1090,2263.5042852759616
538.9113261699677,1680681313.0474315,1091,2265.5789913119615
539.2927145957947,1680681313.428736,1092,2267.6536973479615
539.6741919517517,1680681313.8102968,1093,2269.7284033839614
540.053213596344,1680681314.1892383,1094,2271.8031094199614
540.4342744350433,1680681314.5703769,1095,2273.8778154559614
540.8252446651459,1680681314.9612641,1096,2275.9525214919613
541.2047142982483,1680681315.3407369,1097,2278.0272275279613
541.5858845710754,1680681315.7219903,1098,2280.101933563961
541.9652647972107,1680681316.1012845,1099,2282.176639599961
542.3529243469238,1680681316.4849563,1100,2284.251345635961
542.7304606437683,1680681316.866482,1101,2286.326051671961
543.1091620922089,1680681317.2451835,1102,2288.400757707961
543.4931375980377,1680681317.6291602,1103,2290.475463743961
543.8797762393951,1680681318.0158803,1104,2292.550169779961
544.252908706665,1680681318.3811986,1105,2294.624875815961
544.621791601181,1680681318.7577732,1106,2296.699581851961
544.9875104427338,1680681319.1235309,1107,2298.774287887961
545.3645582199097,1680681319.5006733,1108,2300.8489939239607
545.7325391769409,1680681319.868562,1109,2302.9236999599607
546.117639541626,1680681320.2536569,1110,2304.9984059959606
546.5031008720398,1680681320.6369786,1111,2307.0731120319606
546.8775873184204,1680681321.0136354,1112,2309.1478180679605
547.3449261188507,1680681321.4027221,1113,2311.2225241039605
547.6744525432587,1680681321.810471,1114,2313.2972301399604
548.0806648731232,1680681322.2166424,1115,2315.3719361759604
548.4914593696594,1680681322.627476,1116,2317.4466422119604
548.9045310020447,1680681323.037552,1117,2319.5213482479603
549.3133974075317,1680681323.449415,1118,2321.5960542839603
549.728244304657,1680681323.864264,1119,2323.67076031996
550.1439142227173,1680681324.2799342,1120,2325.74546635596
550.5663597583771,1680681324.7023716,1121,2327.82017239196
551.0046243667603,1680681325.134208,1122,2329.89487842796
551.4046628475189,1680681325.5346415,1123,2331.96958446396
551.7931232452393,1680681325.9291477,1124,2334.04429049996
552.1809334754944,1680681326.3169115,1125,2336.11899653596
552.5548622608185,1680681326.6874573,1126,2338.19370257196
552.9398572444916,1680681327.0758784,1127,2340.26840860796
553.320695400238,1680681327.4567149,1128,2342.34311464396
553.6916399002075,1680681327.8276596,1129,2344.4178206799597
554.0583531856537,1680681328.1943686,1130,2346.4925267159597
554.4181423187256,1680681328.5541625,1131,2348.5672327519596
554.7840478420258,1680681328.9200697,1132,2350.6419387879596
555.1367919445038,1680681329.2728133,1133,2352.7166448239595
555.495189666748,1680681329.6312108,1134,2354.7913508599595
555.8548789024353,1680681329.9866335,1135,2356.8660568959594
556.2048959732056,1680681330.3374891,1136,2358.9407629319594
556.5549483299255,1680681330.6832535,1137,2361.0154689679594
556.9049923419952,1680681331.038453,1138,2363.0901750039593
557.2457537651062,1680681331.381862,1139,2365.1648810399593
557.5909678936005,1680681331.726992,1140,2367.239587075959
557.94065284729,1680681332.0766754,1141,2369.314293111959
558.2838158607483,1680681332.4197958,1142,2371.388999147959
558.6378946304321,1680681332.7739172,1143,2373.463705183959
558.9944131374359,1680681333.1304355,1144,2375.538411219959
559.3453888893127,1680681333.4814076,1145,2377.613117255959
559.7058010101318,1680681333.8401008,1146,2379.687823291959
560.0605731010437,1680681334.1965473,1147,2381.762529327959
560.4156029224396,1680681334.5515869,1148,2383.837235363959
560.7664575576782,1680681334.9024763,1149,2385.911941399959
561.1124999523163,1680681335.2485423,1150,2387.9866474359587
561.4643602371216,1680681335.6003819,1151,2390.0613534719587
561.8151845932007,1680681335.9512084,1152,2392.1360595079586
562.1700367927551,1680681336.3060236,1153,2394.2107655439586
562.5315704345703,1680681336.66759,1154,2396.2854715799585
562.8926181793213,1680681337.028725,1155,2398.3601776159585
563.2559750080109,1680681337.3915372,1156,2400.4348836519584
563.6210994720459,1680681337.757122,1157,2402.5095896879584
564.0561144351959,1680681338.1898978,1158,2404.5842957239583
564.5556671619415,1680681338.6882603,1159,2406.6590017599583
565.1421406269073,1680681339.2781594,1160,2408.7337077959583
565.7623589038849,1680681339.8983393,1161,2410.808413831958
566.4112114906311,1680681340.5472183,1162,2412.883119867958
567.0568768978119,1680681341.1928859,1163,2414.957825903958
567.6610014438629,1680681341.7971094,1164,2417.032531939958
568.226781129837,1680681342.3627374,1165,2419.107237975958
568.7586603164673,1680681342.894708,1166,2421.181944011958
569.2450828552246,1680681343.38113,1167,2423.256650047958
569.7090520858765,1680681343.8450994,1168,2425.331356083958
570.1571664810181,1680681344.293318,1169,2427.406062119958
570.5933105945587,1680681344.729418,1170,2429.480768155958
571.0064177513123,1680681345.142465,1171,2431.5554741919577
571.4173390865326,1680681345.5533822,1172,2433.6301802279577
571.8354420661926,1680681345.9714646,1173,2435.7048862639576
572.2310683727264,1680681346.3672147,1174,2437.7795922999576
572.6459679603577,1680681346.7820153,1175,2439.8542983359575
573.06387758255,1680681347.199923,1176,2441.9290043719575
573.4803519248962,1680681347.6162033,1177,2444.0037104079574
573.8935379981995,1680681348.0296288,1178,2446.0784164439574
574.3058488368988,1680681348.4366899,1179,2448.1531224799573
574.7058718204498,1680681348.8362663,1180,2450.2278285159573
575.0927457809448,1680681349.2287636,1181,2452.3025345519573
575.4865024089813,1680681349.6225948,1182,2454.377240587957
575.8746767044067,1680681350.0107236,1183,2456.451946623957
576.2660057544708,1680681350.4020073,1184,2458.526652659957
576.647246837616,1680681350.7833476,1185,2460.601358695957
577.0311667919159,1680681351.1672146,1186,2462.676064731957
577.4155354499817,1680681351.5515833,1187,2464.750770767957
577.8070905208588,1680681351.93582,1188,2466.825476803957
578.1829519271851,1680681352.3190448,1189,2468.900182839957
578.5637331008911,1680681352.6997788,1190,2470.974888875957
578.9403915405273,1680681353.0764399,1191,2473.049594911957
579.3176167011261,1680681353.4537091,1192,2475.1243009479567
579.7072026729584,1680681353.8406575,1193,2477.1990069839567
580.0818712711334,1680681354.2179136,1194,2479.2737130199566
580.457396030426,1680681354.5904183,1195,2481.3484190559566
580.8340249061584,1680681354.9700727,1196,2483.4231250919565
581.1856935024261,1680681355.3217385,1197,2485.4978311279565
581.5574724674225,1680681355.6857734,1198,2487.5725371639564
581.9075365066528,1680681356.042249,1199,2489.6472431999564
582.2660024166107,1680681356.4020493,1200,2491.7219492359563
582.6243751049042,1680681356.7604225,1201,2493.7966552719563
582.9847793579102,1680681357.1208255,1202,2495.8713613079562
583.3368246555328,1680681357.4728708,1203,2497.946067343956
583.6937484741211,1680681357.829796,1204,2500.020773379956
584.0581214427948,1680681358.1939461,1205,2502.095479415956
584.4146609306335,1680681358.5507066,1206,2504.170185451956
584.7807147502899,1680681358.9167626,1207,2506.244891487956
585.1463460922241,1680681359.2823908,1208,2508.319597523956
585.5114495754242,1680681359.6474674,1209,2510.394303559956
585.8811764717102,1680681360.0171978,1210,2512.469009595956
586.2481627464294,1680681360.3841774,1211,2514.543715631956
586.6131336688995,1680681360.7491543,1212,2516.6184216679558
586.9843249320984,1680681361.1204376,1213,2518.6931277039557
587.3582119941711,1680681361.4920847,1214,2520.7678337399557
587.7308542728424,1680681361.8668776,1215,2522.8425397759556
588.1132872104645,1680681362.249304,1216,2524.9172458119556
588.4869229793549,1680681362.6230292,1217,2526.9919518479555
588.8631386756897,1680681362.9992507,1218,2529.0666578839555
589.2395997047424,1680681363.3756201,1219,2531.1413639199554
589.6098167896271,1680681363.7459211,1220,2533.2160699559554
589.9906921386719,1680681364.1267128,1221,2535.2907759919553
590.3689765930176,1680681364.5049942,1222,2537.3654820279553
590.7475397586823,1680681364.8835611,1223,2539.4401880639552
591.1257271766663,1680681365.2618349,1224,2541.514894099955
591.5080134868622,1680681365.6406102,1225,2543.589600135955
591.8932964801788,1680681366.0293195,1226,2545.664306171955
592.2902326583862,1680681366.4262383,1227,2547.739012207955
592.6797294616699,1680681366.8157506,1228,2549.813718243955
593.0888969898224,1680681367.225019,1229,2551.888424279955
593.4727087020874,1680681367.608729,1230,2553.963130315955
593.8582999706268,1680681367.9934459,1231,2556.037836351955
594.2363522052765,1680681368.3723707,1232,2558.112542387955
594.6287598609924,1680681368.7647808,1233,2560.1872484239548
595.0172209739685,1680681369.1532407,1234,2562.2619544599547
595.4081020355225,1680681369.5406787,1235,2564.3366604959547
595.8083038330078,1680681369.9430044,1236,2566.4113665319546
596.2108809947968,1680681370.346899,1237,2568.4860725679546
596.6202437877655,1680681370.7562284,1238,2570.5607786039545
597.0342404842377,1680681371.1688297,1239,2572.6354846399545
597.4584212303162,1680681371.5944,1240,2574.7101906759544
597.8823816776276,1680681372.0184867,1241,2576.7848967119544
598.3130419254303,1680681372.4490612,1242,2578.8596027479543
598.7458763122559,1680681372.8818994,1243,2580.9343087839543
599.1723213195801,1680681373.30874,1244,2583.0090148199542
599.6161651611328,1680681373.7525635,1245,2585.083720855954
600.0642914772034,1680681374.2003086,1246,2587.158426891954
600.490562915802,1680681374.6265817,1247,2589.233132927954
600.9113383293152,1680681375.0473566,1248,2591.307838963954
601.3216509819031,1680681375.4576714,1249,2593.382544999954
601.7157113552094,1680681375.851734,1250,2595.457251035954
602.1239280700684,1680681376.2599144,1251,2597.531957071954
602.5152761936188,1680681376.6512825,1252,2599.606663107954
602.8986008167267,1680681377.034622,1253,2601.681369143954
603.2769463062286,1680681377.4129908,1254,2603.7560751799538
603.6588625907898,1680681377.7948825,1255,2605.8307812159537
604.0290415287018,1680681378.1650634,1256,2607.9054872519537
604.4083061218262,1680681378.5413282,1257,2609.9801932879536
604.7712280750275,1680681378.9072526,1258,2612.0548993239536
605.1370303630829,1680681379.2730467,1259,2614.1296053599535
605.5084230899811,1680681379.6371143,1260,2616.2043113959535
605.8649470806122,1680681380.001053,1261,2618.2790174319534
606.2275607585907,1680681380.363492,1262,2620.3537234679534
606.5988230705261,1680681380.73484,1263,2622.4284295039533
606.9591760635376,1680681381.095163,1264,2624.5031355399533
607.3350403308868,1680681381.4711492,1265,2626.5778415759532
607.70858335495,1680681381.840742,1266,2628.652547611953
608.0863041877747,1680681382.2223222,1267,2630.727253647953
608.4697377681732,1680681382.6058433,1268,2632.801959683953
608.8586466312408,1680681382.9890416,1269,2634.876665719953
609.2491071224213,1680681383.3851256,1270,2636.951371755953
609.6488583087921,1680681383.784881,1271,2639.026077791953
610.0501136779785,1680681384.1861563,1272,2641.100783827953
610.4634802341461,1680681384.5995266,1273,2643.175489863953
610.8731446266174,1680681385.0091932,1274,2645.250195899953
611.2881140708923,1680681385.4241607,1275,2647.3249019359528
611.7098829746246,1680681385.8416376,1276,2649.3996079719527
612.1138889789581,1680681386.2499354,1277,2651.4743140079527
612.5296597480774,1680681386.6657743,1278,2653.5490200439526
612.9236905574799,1680681387.0597358,1279,2655.6237260799526
613.3167765140533,1680681387.4527962,1280,2657.6984321159525
613.7099716663361,1680681387.8382735,1281,2659.7731381519525
614.093784570694,1680681388.229802,1282,2661.8478441879524
614.4754817485809,1680681388.6115892,1283,2663.9225502239524
614.8600418567657,1680681388.9900444,1284,2665.9972562599523
615.2436873912811,1680681389.3797052,1285,2668.0719622959523
615.6245880126953,1680681389.7606108,1286,2670.1466683319522
616.0101215839386,1680681390.1417582,1287,2672.221374367952
616.3908200263977,1680681390.5268373,1288,2674.296080403952
616.7736461162567,1680681390.9097512,1289,2676.370786439952
617.1603927612305,1680681391.2959552,1290,2678.445492475952
617.5401213169098,1680681391.676142,1291,2680.520198511952
617.9353053569794,1680681392.0713127,1292,2682.594904547952
618.3223707675934,1680681392.4583504,1293,2684.669610583952
618.7252752780914,1680681392.8613236,1294,2686.744316619952
619.1287155151367,1680681393.2647321,1295,2688.819022655952
619.5379867553711,1680681393.674009,1296,2690.8937286919518
619.960102558136,1680681394.088838,1297,2692.9684347279517
620.3697257041931,1680681394.5057435,1298,2695.0431407639517
620.7893822193146,1680681394.925402,1299,2697.1178467999516
621.2133021354675,1680681395.3493185,1300,2699.1925528359516
621.6451382637024,1680681395.7811606,1301,2701.2672588719515
622.077618598938,1680681396.2136347,1302,2703.3419649079515
622.5141413211823,1680681396.6501603,1303,2705.4166709439514
622.9601366519928,1680681397.0927231,1304,2707.4913769799514
623.4102299213409,1680681397.5422893,1305,2709.5660830159513
623.8603320121765,1680681397.9950554,1306,2711.6407890519513
624.3162794113159,1680681398.4522336,1307,2713.7154950879512
624.7712209224701,1680681398.9073284,1308,2715.790201123951
625.2384603023529,1680681399.3744113,1309,2717.864907159951
625.7128736972809,1680681399.8488953,1310,2719.939613195951
626.1858813762665,1680681400.3219302,1311,2722.014319231951
626.674587726593,1680681400.8106363,1312,2724.089025267951
627.165563583374,1680681401.3016105,1313,2726.163731303951
627.6642227172852,1680681401.8002346,1314,2728.238437339951
628.1603121757507,1680681402.2885811,1315,2730.313143375951
628.660481929779,1680681402.795204,1316,2732.387849411951
629.1631171703339,1680681403.2991395,1317,2734.4625554479508
629.6814754009247,1680681403.8178365,1318,2736.5372614839507
630.2144043445587,1680681404.3505497,1319,2738.6119675199507
630.746488571167,1680681404.8826346,1320,2740.6866735559506
631.2926437854767,1680681405.428689,1321,2742.7613795919506
631.8455262184143,1680681405.9816167,1322,2744.8360856279505
632.4225225448608,1680681406.5585258,1323,2746.9107916639505
633.025452375412,1680681407.1614761,1324,2748.9854976999504
633.6905307769775,1680681407.8265393,1325,2751.0602037359504
634.4621243476868,1680681408.5982325,1326,2753.1349097719503
635.4265456199646,1680681409.562564,1327,2755.2096158079503
636.7135906219482,1680681410.8496075,1328,2757.2843218439502
662.4498949050903,1680681436.5859122,1329,2759.35902787995
663.4607281684875,1680681437.5924773,1330,2761.43373391595
664.1802847385406,1680681438.3163936,1331,2763.50843995195
664.8107402324677,1680681438.9403749,1332,2765.58314598795
665.4254465103149,1680681439.5614636,1333,2767.65785202395
666.023862361908,1680681440.159884,1334,2769.73255805995
666.625120639801,1680681440.7611399,1335,2771.80726409595
667.1935789585114,1680681441.3295982,1336,2773.88197013195
667.7227826118469,1680681441.858896,1337,2775.95667616795
668.2161650657654,1680681442.3522732,1338,2778.0313822039498
668.684757232666,1680681442.8207798,1339,2780.1060882399497
669.1410140991211,1680681443.2770338,1340,2782.1807942759497
669.6178779602051,1680681443.7539816,1341,2784.2555003119496
670.0782401561737,1680681444.2142587,1342,2786.3302063479496
670.5611374378204,1680681444.6958444,1343,2788.4049123839495
670.9952447414398,1680681445.1312652,1344,2790.4796184199495
671.4215610027313,1680681445.5576065,1345,2792.5543244559494
671.866336107254,1680681446.002356,1346,2794.6290304919494
672.2953932285309,1680681446.4314132,1347,2796.7037365279493
672.7296710014343,1680681446.8656824,1348,2798.7784425639493
673.160881280899,1680681447.2922068,1349,2800.8531485999492
673.5799324512482,1680681447.7159548,1350,2802.927854635949
673.9988703727722,1680681448.1348898,1351,2805.002560671949
674.4111943244934,1680681448.545492,1352,2807.077266707949
674.8014268875122,1680681448.937449,1353,2809.151972743949
675.1877012252808,1680681449.323721,1354,2811.226678779949
675.5674343109131,1680681449.7034533,1355,2813.301384815949
675.9265520572662,1680681450.0626578,1356,2815.376090851949
676.2871625423431,1680681450.423183,1357,2817.450796887949
676.6169610023499,1680681450.7529814,1358,2819.525502923949
676.9493887424469,1680681451.0854096,1359,2821.6002089599488
677.2760894298553,1680681451.4120793,1360,2823.6749149959487
677.6152873039246,1680681451.7512813,1361,2825.7496210319487
677.9611749649048,1680681452.0924885,1362,2827.8243270679486
678.2815275192261,1680681452.4175465,1363,2829.8990331039486
678.619065284729,1680681452.7550879,1364,2831.9737391399485
678.9711422920227,1680681453.107163,1365,2834.0484451759485
679.3207681179047,1680681453.4568775,1366,2836.1231512119484
679.6784460544586,1680681453.8144598,1367,2838.1978572479484
680.0343260765076,1680681454.1689072,1368,2840.2725632839483
680.3938899040222,1680681454.5299075,1369,2842.3472693199483
680.747635602951,1680681454.8836603,1370,2844.4219753559482
681.0935702323914,1680681455.2296793,1371,2846.496681391948
681.4415640830994,1680681455.5775857,1372,2848.571387427948
681.7875833511353,1680681455.92369,1373,2850.646093463948
682.1324145793915,1680681456.2684016,1374,2852.720799499948
682.4772078990936,1680681456.6132317,1375,2854.795505535948
682.8223865032196,1680681456.9584925,1376,2856.870211571948
683.1612818241119,1680681457.295565,1377,2858.944917607948
683.4985816478729,1680681457.6346025,1378,2861.019623643948
683.8443834781647,1680681457.980403,1379,2863.094329679948
684.1814298629761,1680681458.3174484,1380,2865.1690357159478
684.519629240036,1680681458.6556509,1381,2867.2437417519477
684.8618838787079,1680681458.9978766,1382,2869.3184477879477
685.2017540931702,1680681459.337776,1383,2871.3931538239476
685.5358326435089,1680681459.671856,1384,2873.4678598599476
685.8721199035645,1680681460.008103,1385,2875.5425658959475
686.2115387916565,1680681460.3415298,1386,2877.6172719319475
686.540253162384,1680681460.6762178,1387,2879.6919779679474
686.8765451908112,1680681461.012651,1388,2881.7666840039474
687.2161626815796,1680681461.3521805,1389,2883.8413900399473
687.5617513656616,1680681461.6913407,1390,2885.9160960759473
687.9015970230103,1680681462.0377033,1391,2887.9908021119472
688.2429099082947,1680681462.3790252,1392,2890.065508147947
688.5872621536255,1680681462.7232838,1393,2892.140214183947
688.9292118549347,1680681463.0653179,1394,2894.214920219947
689.2723119258881,1680681463.4083307,1395,2896.289626255947
689.6202478408813,1680681463.7562675,1396,2898.364332291947
689.9694006443024,1680681464.1055067,1397,2900.439038327947
690.3251819610596,1680681464.4612026,1398,2902.513744363947
690.6963305473328,1680681464.8324363,1399,2904.588450399947
691.0616543292999,1680681465.1924791,1400,2906.663156435947
691.4266829490662,1680681465.5627058,1401,2908.7378624719468
691.8027687072754,1680681465.9387906,1402,2910.8125685079467
692.1789293289185,1680681466.3149173,1403,2912.8872745439467
692.549613237381,1680681466.6856332,1404,2914.9619805799466
692.9245924949646,1680681467.0606134,1405,2917.0366866159466
693.2985908985138,1680681467.4345987,1406,2919.1113926519465
693.666088104248,1680681467.8021069,1407,2921.1860986879465
694.0343444347382,1680681468.1689272,1408,2923.2608047239464
694.4127786159515,1680681468.5466235,1409,2925.3355107599464
694.7786500453949,1680681468.914672,1410,2927.4102167959463
695.1628067493439,1680681469.2988083,1411,2929.4849228319463
695.5478913784027,1680681469.6839156,1412,2931.5596288679462
695.9420788288116,1680681470.0781002,1413,2933.634334903946
696.3463938236237,1680681470.482412,1414,2935.709040939946
696.7537658214569,1680681470.8897886,1415,2937.783746975946
697.1635777950287,1680681471.2922623,1416,2939.858453011946
697.5718178749084,1680681471.7078016,1417,2941.933159047946
697.9878079891205,1680681472.1237905,1418,2944.007865083946
698.4135468006134,1680681472.5448549,1419,2946.082571119946
698.8145320415497,1680681472.9505136,1420,2948.157277155946
699.2292673587799,1680681473.3652892,1421,2950.231983191946
699.6409864425659,1680681473.7770097,1422,2952.3066892279458
700.0550079345703,1680681474.191028,1423,2954.3813952639457
700.4713985919952,1680681474.607418,1424,2956.4561012999457
700.8975968360901,1680681475.0336182,1425,2958.5308073359456
701.3317632675171,1680681475.4677415,1426,2960.6055133719456
701.7649216651917,1680681475.894044,1427,2962.6802194079455
702.1884889602661,1680681476.3245058,1428,2964.7549254439455
702.6150810718536,1680681476.751053,1429,2966.8296314799454
703.0347096920013,1680681477.1694765,1430,2968.9043375159454
703.4715301990509,1680681477.6075413,1431,2970.9790435519453
703.9006972312927,1680681478.036719,1432,2973.0537495879453
704.3346252441406,1680681478.4706447,1433,2975.1284556239452
704.76518201828,1680681478.90116,1434,2977.203161659945
705.214971780777,1680681479.3441133,1435,2979.277867695945
705.6650199890137,1680681479.7954164,1436,2981.352573731945
706.1149318218231,1680681480.2471,1437,2983.427279767945
706.5941333770752,1680681480.73024,1438,2985.501985803945
707.1390318870544,1680681481.2751405,1439,2987.576691839945
707.7973275184631,1680681481.9333494,1440,2989.651397875945
708.588748216629,1680681482.7248576,1441,2991.726103911945
709.3780505657196,1680681483.5140657,1442,2993.800809947945
710.2810688018799,1680681484.4171777,1443,2995.8755159839448
711.4901642799377,1680681485.626185,1444,2997.9502220199447
