time_offset,timestamp,gps_time,lat,long,alt,speed,bearing,osx,osy
0.002293825149536133,1680680774.138364,2023-04-05T08:20:05.000Z,54.0007913,-0.4323465,0.0,0.038,155.6413,502853,457221
1.0022954940795898,1680680775.1383657,2023-04-05T08:20:06.000Z,54.0007913,-0.4323507,0.0,0.011,155.6413,502853,457221
2.002295970916748,1680680776.1383662,2023-04-05T08:20:07.000Z,54.0007977,-0.4323501,31.674,0.084,155.6413,502853,457222
3.0022969245910645,1680680777.1383672,2023-04-05T08:20:08.000Z,54.0007997,-0.4323506,31.952,0.033,155.6413,502853,457222
4.002298593521118,1680680778.1383688,2023-04-05T08:20:09.000Z,54.0008018,-0.4323508,32.08,0.168,155.6413,502853,457223
5.002298593521118,1680680779.1383688,2023-04-05T08:20:10.000Z,54.000801,-0.4323578,0.0,0.331,155.6413,502852,457222
6.002300024032593,1680680780.1383703,2023-04-05T08:20:11.000Z,54.000796,-0.4323626,0.0,0.255,155.6413,502852,457222
7.0023016929626465,1680680781.138372,2023-04-05T08:20:12.000Z,54.0007918,-0.4323628,0.0,0.208,155.6413,502852,457221
8.002301931381226,1680680782.1383722,2023-04-05T08:20:13.000Z,54.0007901,-0.4323621,0.0,0.141,155.6413,502852,457221
9.002302169799805,1680680783.1383724,2023-04-05T08:20:14.000Z,54.0007894,-0.4323615,0.0,0.099,155.6413,502852,457221
10.002302408218384,1680680784.1383727,2023-04-05T08:20:15.000Z,54.0007898,-0.4323498,0.0,0.481,155.6413,502853,457221
11.002302885055542,1680680785.1383731,2023-04-05T08:20:16.000Z,54.0007889,-0.4323497,0.0,0.035,155.6413,502853,457221
12.0023033618927,1680680786.1383736,2023-04-05T08:20:17.000Z,54.0007923,-0.4323545,0.0,0.456,155.6413,502853,457221
14.00230622291565,1680680788.1383765,2023-04-05T08:20:19.000Z,54.0008032,-0.4323819,0.0,1.429,223.3883,502851,457223
15.002307176589966,1680680789.1383774,2023-04-05T08:20:20.000Z,54.0008077,-0.4324048,0.0,1.669,242.6412,502849,457223
16.0023090839386,1680680790.1383793,2023-04-05T08:20:21.000Z,54.0008182,-0.4324348,0.0,2.212,274.2608,502847,457224
17.0023090839386,1680680791.1383793,2023-04-05T08:20:22.000Z,54.0008294,-0.4324774,0.0,2.825,287.796,502845,457225
18.002310514450073,1680680792.1383808,2023-04-05T08:20:23.000Z,54.0008459,-0.4325324,23.008,3.667,292.7501,502841,457227
19.00231146812439,1680680793.1383817,2023-04-05T08:20:24.000Z,54.0008691,-0.4325826,22.969,4.07,300.0139,502838,457230
20.002312660217285,1680680794.138383,2023-04-05T08:20:25.000Z,54.0008926,-0.4326297,23.032,3.953,305.255,502834,457232
21.0023136138916,1680680795.1383839,2023-04-05T08:20:26.000Z,54.0009228,-0.4326744,23.012,4.359,315.286,502831,457236
22.002314567565918,1680680796.1383848,2023-04-05T08:20:27.000Z,54.0009529,-0.4327217,22.976,4.724,318.6904,502828,457239
23.002315759658813,1680680797.138386,2023-04-05T08:20:28.000Z,54.0009688,-0.43277,22.936,4.011,316.3093,502825,457241
24.00231647491455,1680680798.1383867,2023-04-05T08:20:29.000Z,54.0009939,-0.4328242,22.944,4.607,312.0714,502821,457243
25.00231671333313,1680680799.138387,2023-04-05T08:20:30.000Z,54.0010252,-0.4328708,22.937,4.675,315.7656,502818,457247
26.002317428588867,1680680800.1383877,2023-04-05T08:20:31.000Z,54.0010624,-0.4329016,0.0,4.481,321.5825,502816,457251
27.002317667007446,1680680801.138388,2023-04-05T08:20:32.000Z,54.0010973,-0.4329302,0.0,4.254,326.6657,502814,457255
28.002317905426025,1680680802.1383882,2023-04-05T08:20:33.000Z,54.0011319,-0.4329599,0.0,4.15,328.637,502812,457258
29.002318143844604,1680680803.1383884,2023-04-05T08:20:34.000Z,54.0011614,-0.4329941,0.0,3.949,327.9147,502810,457262
30.0023193359375,1680680804.1383896,2023-04-05T08:20:35.000Z,54.0011911,-0.4330198,0.0,3.569,328.9764,502808,457265
31.002320289611816,1680680805.1383905,2023-04-05T08:20:36.000Z,54.0012221,-0.4330468,20.914,3.544,330.0524,502806,457268
32.00232172012329,1680680806.138392,2023-04-05T08:20:37.000Z,54.0012515,-0.4330697,20.65,3.449,331.6415,502805,457272
33.00232267379761,1680680807.138393,2023-04-05T08:20:38.000Z,54.0012794,-0.4330974,20.54,3.56,330.3456,502803,457275
34.00232434272766,1680680808.1383946,2023-04-05T08:20:39.000Z,54.0013079,-0.4331149,20.607,3.287,334.2252,502802,457278
35.00232458114624,1680680809.1383948,2023-04-05T08:20:40.000Z,54.0013273,-0.4331498,20.614,2.907,325.1897,502799,457280
36.0023250579834,1680680810.1383953,2023-04-05T08:20:41.000Z,54.001353,-0.4331756,20.657,3.077,328.9159,502798,457283
37.00232648849487,1680680811.1383967,2023-04-05T08:20:42.000Z,54.0013787,-0.4332001,20.371,3.075,329.6398,502796,457285
38.00232648849487,1680680812.1383967,2023-04-05T08:20:43.000Z,54.0014055,-0.433217,19.6,3.027,339.2553,502795,457288
39.00232744216919,1680680813.1383977,2023-04-05T08:20:44.000Z,54.0014217,-0.4332411,18.999,1.626,335.1707,502793,457290
40.00232768058777,1680680814.138398,2023-04-05T08:20:45.000Z,54.0014546,-0.4332146,19.459,4.018,26.8842,502795,457294
41.00232791900635,1680680815.1383982,2023-04-05T08:20:46.000Z,54.0014826,-0.4331623,19.621,4.303,33.959,502798,457297
42.00232934951782,1680680816.1383996,2023-04-05T08:20:47.000Z,54.0015093,-0.4331157,20.164,4.514,48.4994,502801,457300
43.00233030319214,1680680817.1384006,2023-04-05T08:20:48.000Z,54.0015305,-0.4330609,20.767,4.332,56.5792,502805,457303
44.0023307800293,1680680818.138401,2023-04-05T08:20:49.000Z,54.0015534,-0.432999,21.766,4.368,59.9095,502809,457305
45.0023307800293,1680680819.138401,2023-04-05T08:20:50.000Z,54.0015751,-0.4329379,22.537,4.573,61.6851,502813,457308
46.00233221054077,1680680820.1384025,2023-04-05T08:20:51.000Z,54.0015982,-0.4328734,24.23,4.718,63.605,502817,457310
47.002333641052246,1680680821.138404,2023-04-05T08:20:52.000Z,54.0016173,-0.4328042,27.046,4.637,68.182,502821,457313
48.002333641052246,1680680822.138404,2023-04-05T08:20:53.000Z,54.0016342,-0.432731,30.12,4.744,72.558,502826,457315
49.00233459472656,1680680823.1384048,2023-04-05T08:20:54.000Z,54.0016514,-0.4326584,35.589,4.307,76.4771,502831,457317
50.00233483314514,1680680824.138405,2023-04-05T08:20:55.000Z,54.0016659,-0.4325831,41.945,4.403,82.0528,502836,457318
51.002336263656616,1680680825.1384065,2023-04-05T08:20:56.000Z,54.0016571,-0.4325205,32.362,5.499,76.1174,502840,457317
52.002336502075195,1680680826.1384068,2023-04-05T08:20:57.000Z,54.001672,-0.4324441,32.058,5.092,73.2412,502845,457319
53.00233745574951,1680680827.1384077,2023-04-05T08:20:58.000Z,54.0016922,-0.4323683,32.226,5.391,70.2383,502850,457322
54.00233817100525,1680680828.1384084,2023-04-05T08:20:59.000Z,54.001715,-0.4322946,32.402,5.399,64.7876,502854,457324
55.002339363098145,1680680829.1384096,2023-04-05T08:21:00.000Z,54.0017398,-0.4322202,32.595,5.467,62.8047,502859,457327
56.00234079360962,1680680830.138411,2023-04-05T08:21:01.000Z,54.0017574,-0.4321526,32.722,4.724,65.2269,502864,457329
57.0023410320282,1680680831.1384113,2023-04-05T08:21:02.000Z,54.0017791,-0.4320844,32.903,4.933,63.5162,502868,457332
58.002341508865356,1680680832.1384118,2023-04-05T08:21:03.000Z,54.0018021,-0.4320165,32.993,5.065,62.0558,502872,457334
59.00234270095825,1680680833.138413,2023-04-05T08:21:04.000Z,54.0018256,-0.4319472,33.068,5.158,61.3813,502877,457337
60.002344369888306,1680680834.1384146,2023-04-05T08:21:05.000Z,54.0018527,-0.4318757,33.217,5.343,60.364,502882,457340
61.00234508514404,1680680835.1384153,2023-04-05T08:21:06.000Z,54.0018761,-0.4318085,33.304,5.17,59.9591,502886,457343
62.00234627723694,1680680836.1384165,2023-04-05T08:21:07.000Z,54.0019056,-0.4317389,33.387,5.284,57.6564,502890,457346
63.002347469329834,1680680837.1384177,2023-04-05T08:21:08.000Z,54.0019381,-0.4316713,32.609,5.443,53.9419,502895,457350
64.00234866142273,1680680838.138419,2023-04-05T08:21:09.000Z,54.0019706,-0.431608,32.686,5.326,51.3551,502899,457354
65.00234961509705,1680680839.1384199,2023-04-05T08:21:10.000Z,54.002008,-0.4315589,32.716,5.002,44.7711,502902,457358
66.00235056877136,1680680840.1384208,2023-04-05T08:21:11.000Z,54.002044,-0.4315076,31.863,5.085,41.9847,502905,457362
67.00235080718994,1680680841.138421,2023-04-05T08:21:12.000Z,54.0020892,-0.4314574,31.952,5.254,38.2402,502908,457367
68.00235247612,1680680842.1384227,2023-04-05T08:21:13.000Z,54.0021312,-0.431408,32.0,5.272,36.4784,502911,457372
69.00235366821289,1680680843.138424,2023-04-05T08:21:14.000Z,54.0021657,-0.4313603,31.163,5.044,36.5598,502915,457376
70.00235414505005,1680680844.1384244,2023-04-05T08:21:15.000Z,54.0022037,-0.431328,31.175,4.725,32.3566,502917,457380
71.00235486030579,1680680845.138425,2023-04-05T08:21:16.000Z,54.0022482,-0.4312934,31.239,4.977,28.5198,502919,457385
72.0023558139801,1680680846.138426,2023-04-05T08:21:17.000Z,54.0022936,-0.4312552,29.871,5.251,27.4766,502921,457390
73.00235676765442,1680680847.138427,2023-04-05T08:21:18.000Z,54.0023374,-0.4312129,28.493,5.404,29.1248,502924,457395
74.0023581981659,1680680848.1384284,2023-04-05T08:21:19.000Z,54.0023798,-0.4311636,27.722,5.552,31.8598,502927,457400
75.00235843658447,1680680849.1384287,2023-04-05T08:21:20.000Z,54.0024213,-0.4311098,27.167,5.672,35.4846,502930,457405
76.00236010551453,1680680850.1384304,2023-04-05T08:21:21.000Z,54.0024612,-0.4310524,26.865,5.695,38.8057,502934,457409
77.00236177444458,1680680851.138432,2023-04-05T08:21:22.000Z,54.0025045,-0.4309958,26.498,5.906,38.7235,502938,457414
78.00236296653748,1680680852.1384332,2023-04-05T08:21:23.000Z,54.0025484,-0.4309412,26.219,5.955,37.585,502941,457419
79.00236439704895,1680680853.1384346,2023-04-05T08:21:24.000Z,54.0025923,-0.4308862,25.954,5.935,37.6493,502945,457424
80.00236558914185,1680680854.1384358,2023-04-05T08:21:25.000Z,54.0026323,-0.430835,25.781,5.61,37.4516,502948,457428
81.00236654281616,1680680855.1384368,2023-04-05T08:21:26.000Z,54.0026731,-0.4307792,25.648,5.589,38.4941,502951,457433
82.00236678123474,1680680856.138437,2023-04-05T08:21:27.000Z,54.0027094,-0.430728,25.466,5.367,39.1854,502955,457437
83.0023684501648,1680680857.1384387,2023-04-05T08:21:28.000Z,54.0027406,-0.4306871,25.293,4.84,37.822,502957,457441
84.00236940383911,1680680858.1384397,2023-04-05T08:21:29.000Z,54.0027803,-0.4306377,25.334,5.075,37.4824,502960,457445
85.00237107276917,1680680859.1384413,2023-04-05T08:21:30.000Z,54.0028229,-0.430584,25.53,5.202,36.5955,502964,457450
86.00237250328064,1680680860.1384428,2023-04-05T08:21:31.000Z,54.0028576,-0.4305353,25.604,5.041,37.3598,502967,457454
87.00237393379211,1680680861.1384442,2023-04-05T08:21:32.000Z,54.0028914,-0.430494,25.6,4.88,37.3116,502969,457458
88.00237441062927,1680680862.1384447,2023-04-05T08:21:33.000Z,54.0029217,-0.43046,25.815,4.494,36.345,502972,457461
89.00237584114075,1680680863.138446,2023-04-05T08:21:34.000Z,54.0029506,-0.4304196,26.217,4.294,37.3012,502974,457464
90.00237584114075,1680680864.138446,2023-04-05T08:21:35.000Z,54.002971,-0.4303818,26.761,3.725,39.2472,502977,457467
91.00237584114075,1680680865.138446,2023-04-05T08:21:36.000Z,54.0029979,-0.4303514,27.288,3.487,38.4729,502979,457470
92.00237679481506,1680680866.138447,2023-04-05T08:21:37.000Z,54.0030376,-0.4303482,28.142,3.4,23.4649,502979,457474
93.0023787021637,1680680867.138449,2023-04-05T08:21:38.000Z,54.0030782,-0.4303568,29.365,3.578,3.8443,502978,457479
94.00238037109375,1680680868.1384506,2023-04-05T08:21:39.000Z,54.0031166,-0.430356,30.842,3.847,357.9895,502978,457483
95.00238084793091,1680680869.138451,2023-04-05T08:21:40.000Z,54.0031558,-0.4303733,32.007,4.113,349.8999,502977,457487
96.00238108634949,1680680870.1384513,2023-04-05T08:21:41.000Z,54.0031946,-0.4303995,32.905,4.348,340.9399,502975,457492
97.00238108634949,1680680871.1384513,2023-04-05T08:21:42.000Z,54.003235,-0.430431,33.35,4.726,336.0827,502973,457496
98.00238275527954,1680680872.138453,2023-04-05T08:21:43.000Z,54.0032768,-0.4304812,32.464,5.382,330.3206,502969,457501
99.00238275527954,1680680873.138453,2023-04-05T08:21:44.000Z,54.0033184,-0.4305293,31.808,5.588,326.8745,502966,457505
100.00238275527954,1680680874.138453,2023-04-05T08:21:45.000Z,54.0033551,-0.4305758,31.49,5.34,323.6587,502963,457509
101.00238275527954,1680680875.138453,2023-04-05T08:21:46.000Z,54.0034005,-0.4306172,31.779,5.511,324.5994,502960,457514
102.0023832321167,1680680876.1384535,2023-04-05T08:21:47.000Z,54.0034447,-0.4306633,31.871,5.614,325.245,502957,457519
103.0023832321167,1680680877.1384535,2023-04-05T08:21:48.000Z,54.003494,-0.4307051,32.288,5.759,326.4144,502954,457524
104.00238347053528,1680680878.1384537,2023-04-05T08:21:49.000Z,54.003538,-0.4307493,32.777,5.623,326.253,502951,457529
105.00238394737244,1680680879.1384542,2023-04-05T08:21:50.000Z,54.003579,-0.4307955,33.031,5.412,325.5322,502948,457534
106.00238394737244,1680680880.1384542,2023-04-05T08:21:51.000Z,54.0036181,-0.4308404,33.605,5.157,324.6651,502945,457538
107.00238537788391,1680680881.1384556,2023-04-05T08:21:52.000Z,54.0036594,-0.4308845,33.938,5.221,324.929,502942,457543
108.00238537788391,1680680882.1384556,2023-04-05T08:21:53.000Z,54.0037062,-0.4309211,34.715,5.296,328.0329,502939,457548
109.00238561630249,1680680883.1384559,2023-04-05T08:21:54.000Z,54.0037472,-0.4309552,34.412,5.14,330.2125,502937,457552
110.00238561630249,1680680884.1384559,2023-04-05T08:21:55.000Z,54.0037901,-0.430994,35.21,5.225,330.0248,502935,457557
111.0023865699768,1680680885.1384568,2023-04-05T08:21:56.000Z,54.0038337,-0.4310424,35.09,5.561,328.0795,502931,457562
112.00238728523254,1680680886.1384575,2023-04-05T08:21:57.000Z,54.0038792,-0.4310869,36.037,5.691,328.1664,502928,457567
113.0023889541626,1680680887.1384592,2023-04-05T08:21:58.000Z,54.0039244,-0.4311318,37.497,5.686,327.8153,502925,457572
114.00239038467407,1680680888.1384606,2023-04-05T08:21:59.001Z,54.003971,-0.4311744,38.857,5.69,328.1997,502922,457577
115.00239109992981,1680680889.1384614,2023-04-05T08:22:00.000Z,54.0040199,-0.4312178,38.589,5.794,328.2816,502919,457582
116.00239109992981,1680680890.1384614,2023-04-05T08:22:01.000Z,54.0040679,-0.4312595,38.62,5.837,328.8198,502916,457587
117.00239109992981,1680680891.1384614,2023-04-05T08:22:02.000Z,54.0041135,-0.4313055,38.795,5.663,327.8982,502913,457592
118.00239181518555,1680680892.138462,2023-04-05T08:22:03.000Z,54.0041541,-0.4313593,38.939,5.554,325.2023,502910,457597
119.0023934841156,1680680893.1384637,2023-04-05T08:22:04.000Z,54.0041957,-0.4314085,39.475,5.376,323.4876,502906,457601
120.00239491462708,1680680894.1384652,2023-04-05T08:22:05.000Z,54.0042403,-0.431452,40.171,5.31,324.6685,502903,457606
121.00239658355713,1680680895.1384668,2023-04-05T08:22:06.000Z,54.0042817,-0.4315015,40.982,5.412,323.5616,502900,457611
122.00239777565002,1680680896.138468,2023-04-05T08:22:07.000Z,54.0043299,-0.4315459,40.77,5.769,326.5188,502897,457616
123.00239777565002,1680680897.138468,2023-04-05T08:22:08.000Z,54.0043752,-0.4315921,40.667,5.805,327.4497,502894,457621
124.0023980140686,1680680898.1384683,2023-04-05T08:22:09.000Z,54.0044195,-0.4316412,40.724,5.79,326.5976,502891,457626
125.0023992061615,1680680899.1384695,2023-04-05T08:22:10.000Z,54.0044642,-0.431689,40.786,5.781,326.3657,502887,457631
126.00240087509155,1680680900.1384711,2023-04-05T08:22:11.000Z,54.0045102,-0.4317295,40.864,5.697,327.9466,502885,457636
127.00240182876587,1680680901.138472,2023-04-05T08:22:12.000Z,54.0045543,-0.4317808,40.983,5.839,326.3262,502881,457641
128.0024025440216,1680680902.1384728,2023-04-05T08:22:13.000Z,54.0045975,-0.4318323,41.063,5.805,324.9896,502878,457646
129.00240325927734,1680680903.1384735,2023-04-05T08:22:14.000Z,54.0046444,-0.4318792,41.205,5.806,326.2994,502874,457651
130.00240349769592,1680680904.1384737,2023-04-05T08:22:15.000Z,54.0046905,-0.4319251,41.371,5.749,327.1983,502871,457656
131.00240397453308,1680680905.1384742,2023-04-05T08:22:16.000Z,54.004735,-0.4319778,41.358,5.836,326.8308,502868,457661
132.00240468978882,1680680906.138475,2023-04-05T08:22:17.000Z,54.0047789,-0.4320269,41.351,5.792,326.797,502864,457665
133.00240635871887,1680680907.1384766,2023-04-05T08:22:18.000Z,54.0048243,-0.432076,41.37,5.866,326.9009,502861,457670
134.00240659713745,1680680908.1384768,2023-04-05T08:22:19.000Z,54.0048736,-0.4321213,41.416,5.975,328.1907,502858,457676
135.00240802764893,1680680909.1384783,2023-04-05T08:22:20.000Z,54.0049208,-0.432169,41.514,5.966,328.4202,502855,457681
136.00240802764893,1680680910.1384783,2023-04-05T08:22:21.000Z,54.0049693,-0.4322178,41.646,6.033,328.3338,502851,457686
137.00240802764893,1680680911.1384783,2023-04-05T08:22:22.000Z,54.0050154,-0.4322676,41.765,5.99,327.6632,502848,457691
138.00240993499756,1680680912.1384802,2023-04-05T08:22:23.000Z,54.0050635,-0.4323151,41.908,5.976,327.9107,502845,457697
139.00241112709045,1680680913.1384814,2023-04-05T08:22:24.000Z,54.0051104,-0.4323635,42.044,5.945,327.5207,502842,457702
140.0024130344391,1680680914.1384833,2023-04-05T08:22:25.000Z,54.0051587,-0.4324103,42.195,5.964,328.0688,502838,457707
141.00370454788208,1680680915.1397748,2023-04-05T08:22:26.000Z,54.0052051,-0.4324591,42.343,5.908,327.3985,502835,457712
142.00370502471924,1680680916.1397753,2023-04-05T08:22:27.000Z,54.0052515,-0.4325056,42.463,5.843,327.7444,502832,457717
143.00370526313782,1680680917.1397755,2023-04-05T08:22:28.000Z,54.0053006,-0.4325488,42.566,5.963,329.4838,502829,457723
144.0037064552307,1680680918.1397767,2023-04-05T08:22:29.000Z,54.005347,-0.4325953,42.729,5.87,328.685,502826,457728
145.0037076473236,1680680919.139778,2023-04-05T08:22:30.000Z,54.0053946,-0.4326398,42.853,5.841,329.1768,502823,457733
146.00370860099792,1680680920.1397789,2023-04-05T08:22:31.000Z,54.0054385,-0.4326857,42.938,5.657,328.6912,502820,457738
147.00370860099792,1680680921.1397789,2023-04-05T08:22:32.000Z,54.005487,-0.432731,43.111,5.873,328.3746,502816,457743
148.00370907783508,1680680922.1397793,2023-04-05T08:22:33.000Z,54.0055309,-0.4327807,43.185,5.788,327.0182,502813,457748
149.00371026992798,1680680923.1397805,2023-04-05T08:22:34.000Z,54.0055759,-0.4328328,43.292,5.884,325.4499,502810,457753
150.00371026992798,1680680924.1397805,2023-04-05T08:22:35.000Z,54.0056231,-0.4328821,43.42,5.922,326.1255,502806,457758
151.0037112236023,1680680925.1397815,2023-04-05T08:22:36.000Z,54.0056689,-0.4329286,43.466,5.863,327.7652,502803,457763
152.0037121772766,1680680926.1397824,2023-04-05T08:22:37.000Z,54.0057153,-0.4329725,43.573,5.765,328.4557,502800,457768
153.0037136077881,1680680927.1397839,2023-04-05T08:22:38.000Z,54.0057609,-0.433015,43.681,5.641,329.1633,502797,457773
154.0037136077881,1680680928.1397839,2023-04-05T08:22:39.000Z,54.0058047,-0.4330601,43.726,5.645,328.596,502794,457778
155.0037136077881,1680680929.1397839,2023-04-05T08:22:40.000Z,54.0058456,-0.4331046,43.762,5.424,327.7032,502791,457783
156.0037145614624,1680680930.1397848,2023-04-05T08:22:41.000Z,54.0058866,-0.4331461,43.87,5.193,327.5715,502788,457787
157.00371551513672,1680680931.1397858,2023-04-05T08:22:42.000Z,54.0059216,-0.4331871,43.968,4.754,325.6669,502786,457791
158.0037169456482,1680680932.1397872,2023-04-05T08:22:43.000Z,54.0059542,-0.4332235,43.973,4.417,325.6706,502783,457794
159.00371861457825,1680680933.1397889,2023-04-05T08:22:44.000Z,54.0059852,-0.4332608,44.047,4.16,324.3822,502781,457798
160.00371980667114,1680680934.13979,2023-04-05T08:22:45.000Z,54.0060158,-0.4332936,43.97,4.083,325.5857,502778,457801
161.00372052192688,1680680935.1397908,2023-04-05T08:22:46.000Z,54.0060448,-0.4333286,43.791,4.015,325.6051,502776,457804
162.00372076034546,1680680936.139791,2023-04-05T08:22:47.000Z,54.0060708,-0.433359,43.515,3.709,325.6764,502774,457807
163.00372171401978,1680680937.139792,2023-04-05T08:22:48.000Z,54.0060944,-0.433388,43.342,3.407,324.9466,502772,457810
164.00372314453125,1680680938.1397934,2023-04-05T08:22:49.000Z,54.0061171,-0.4334117,42.997,3.121,325.9739,502770,457812
165.00372409820557,1680680939.1397943,2023-04-05T08:22:50.000Z,54.0061383,-0.4334399,42.668,3.081,324.59,502768,457815
166.00372409820557,1680680940.1397943,2023-04-05T08:22:51.000Z,54.0061571,-0.4334589,42.363,2.694,324.0523,502767,457817
167.00372433662415,1680680941.1397946,2023-04-05T08:22:52.000Z,54.0061691,-0.4334675,41.897,1.935,324.2682,502767,457818
168.00372576713562,1680680942.139796,2023-04-05T08:22:53.000Z,54.0061784,-0.4334778,41.378,1.331,324.7019,502766,457819
169.00372672080994,1680680943.139797,2023-04-05T08:22:54.000Z,54.0061807,-0.4334816,40.826,0.291,324.7019,502766,457819
170.00372862815857,1680680944.1397989,2023-04-05T08:22:55.000Z,54.0061809,-0.4334828,40.178,0.081,324.7019,502766,457819
171.00372910499573,1680680945.1397994,2023-04-05T08:22:56.000Z,54.0061812,-0.4334842,39.57,0.015,324.7019,502765,457819
172.00372910499573,1680680946.1397994,2023-04-05T08:22:57.000Z,54.0061812,-0.4334838,39.002,0.087,324.7019,502765,457819
173.00373005867004,1680680947.1398003,2023-04-05T08:22:58.000Z,54.0061811,-0.433485,38.491,0.02,324.7019,502765,457819
174.00373029708862,1680680948.1398005,2023-04-05T08:22:59.000Z,54.006181,-0.4334855,38.012,0.107,324.7019,502765,457819
175.00373029708862,1680680949.1398005,2023-04-05T08:23:00.000Z,54.006181,-0.4334841,37.566,0.053,324.7019,502765,457819
176.00373125076294,1680680950.1398015,2023-04-05T08:23:01.000Z,54.0061814,-0.4334826,37.11,0.035,324.7019,502766,457819
177.00373125076294,1680680951.1398015,2023-04-05T08:23:02.000Z,54.0061827,-0.4334804,36.305,0.084,324.7019,502766,457820
178.00373125076294,1680680952.1398015,2023-04-05T08:23:03.000Z,54.0061832,-0.4334798,35.47,0.048,324.7019,502766,457820
179.00373148918152,1680680953.1398017,2023-04-05T08:23:04.000Z,54.0061836,-0.4334775,34.551,0.04,324.7019,502766,457820
180.00373196601868,1680680954.1398022,2023-04-05T08:23:05.000Z,54.0061833,-0.4334765,33.73,0.016,324.7019,502766,457820
181.00373196601868,1680680955.1398022,2023-04-05T08:23:06.000Z,54.0061833,-0.4334757,33.046,0.049,324.7019,502766,457820
182.0037326812744,1680680956.139803,2023-04-05T08:23:07.000Z,54.0061831,-0.4334744,32.314,0.019,324.7019,502766,457820
183.003732919693,1680680957.1398032,2023-04-05T08:23:08.000Z,54.0061829,-0.4334724,31.62,0.055,324.7019,502766,457820
184.0037341117859,1680680958.1398044,2023-04-05T08:23:09.000Z,54.0061826,-0.4334701,30.922,0.056,324.7019,502766,457820
185.00373435020447,1680680959.1398046,2023-04-05T08:23:10.000Z,54.0061823,-0.433469,30.218,0.071,324.7019,502766,457819
186.00373601913452,1680680960.1398063,2023-04-05T08:23:11.000Z,54.0061823,-0.4334685,29.472,0.103,324.7019,502766,457819
187.00373673439026,1680680961.139807,2023-04-05T08:23:12.000Z,54.0061822,-0.4334676,28.837,0.061,324.7019,502767,457819
188.00373673439026,1680680962.139807,2023-04-05T08:23:13.000Z,54.0061822,-0.4334678,28.251,0.114,324.7019,502766,457819
189.00373816490173,1680680963.1398084,2023-04-05T08:23:14.000Z,54.0061827,-0.4334706,27.713,0.366,324.7019,502766,457820
190.00373935699463,1680680964.1398096,2023-04-05T08:23:15.000Z,54.0061824,-0.4334701,27.234,0.182,324.7019,502766,457820
191.0037398338318,1680680965.13981,2023-04-05T08:23:16.000Z,54.0061822,-0.4334705,26.842,0.044,324.7019,502766,457819
192.00374007225037,1680680966.1398103,2023-04-05T08:23:17.000Z,54.006182,-0.4334708,26.478,0.039,324.7019,502766,457819
193.00374007225037,1680680967.1398103,2023-04-05T08:23:18.000Z,54.0061818,-0.4334698,26.099,0.038,324.7019,502766,457819
194.00374150276184,1680680968.1398118,2023-04-05T08:23:19.000Z,54.0061808,-0.433465,25.779,0.118,324.7019,502767,457819
195.00374174118042,1680680969.139812,2023-04-05T08:23:20.000Z,54.0061788,-0.4334566,25.592,0.343,324.7019,502767,457819
196.00374293327332,1680680970.1398132,2023-04-05T08:23:21.000Z,54.0061769,-0.4334516,25.532,0.377,324.7019,502768,457819
197.00374388694763,1680680971.1398141,2023-04-05T08:23:22.000Z,54.0061771,-0.433452,25.31,0.233,324.7019,502768,457819
198.0037441253662,1680680972.1398144,2023-04-05T08:23:23.000Z,54.0061765,-0.4334488,25.102,0.265,324.7019,502768,457819
199.00374507904053,1680680973.1398153,2023-04-05T08:23:24.000Z,54.0061766,-0.4334485,24.972,0.169,324.7019,502768,457819
200.00374627113342,1680680974.1398165,2023-04-05T08:23:25.000Z,54.0061768,-0.4334486,24.831,0.21,324.7019,502768,457819
201.00374722480774,1680680975.1398175,2023-04-05T08:23:26.000Z,54.0061752,-0.4334418,24.784,0.456,324.7019,502768,457819
202.00374746322632,1680680976.1398177,2023-04-05T08:23:27.000Z,54.006176,-0.4334445,24.612,0.084,324.7019,502768,457819
203.00374817848206,1680680977.1398184,2023-04-05T08:23:28.000Z,54.0061769,-0.4334486,24.467,0.234,324.7019,502768,457819
204.0037486553192,1680680978.139819,2023-04-05T08:23:29.000Z,54.0061761,-0.4334456,24.44,0.245,324.7019,502768,457819
205.0037488937378,1680680979.1398191,2023-04-05T08:23:30.000Z,54.0061768,-0.4334482,24.332,0.484,324.7019,502768,457819
206.0037498474121,1680680980.13982,2023-04-05T08:23:31.000Z,54.0061781,-0.4334555,24.347,0.706,314.1233,502767,457819
207.0037500858307,1680680981.1398203,2023-04-05T08:23:32.000Z,54.0061781,-0.4334543,24.337,0.407,314.1233,502767,457819
208.00375032424927,1680680982.1398206,2023-04-05T08:23:33.000Z,54.0061827,-0.4334733,24.071,0.712,302.0885,502766,457820
209.00375127792358,1680680983.1398215,2023-04-05T08:23:34.000Z,54.0061842,-0.4334801,24.051,0.536,298.1705,502766,457820
210.00375199317932,1680680984.1398222,2023-04-05T08:23:35.000Z,54.0061845,-0.43348,23.991,0.35,298.1705,502766,457820
211.00375270843506,1680680985.139823,2023-04-05T08:23:36.000Z,54.0061829,-0.4334717,23.992,0.085,298.1705,502766,457820
212.0037534236908,1680680986.1398237,2023-04-05T08:23:37.000Z,54.006184,-0.4334762,23.936,0.194,298.1705,502766,457820
213.0037543773651,1680680987.1398246,2023-04-05T08:23:38.000Z,54.006183,-0.4334702,23.95,0.075,298.1705,502766,457820
214.00375509262085,1680680988.1398253,2023-04-05T08:23:39.000Z,54.0061826,-0.4334673,23.921,0.018,298.1705,502767,457820
215.003755569458,1680680989.1398258,2023-04-05T08:23:40.000Z,54.0061835,-0.4334688,23.803,0.046,298.1705,502766,457820
216.0037567615509,1680680990.139827,2023-04-05T08:23:41.000Z,54.0061845,-0.4334723,23.709,0.108,298.1705,502766,457820
217.0037567615509,1680680991.139827,2023-04-05T08:23:42.000Z,54.0061845,-0.4334716,23.686,0.155,298.1705,502766,457820
218.00375771522522,1680680992.139828,2023-04-05T08:23:43.000Z,54.0061867,-0.4334805,23.565,0.296,298.1705,502766,457820
219.0037591457367,1680680993.1398294,2023-04-05T08:23:44.000Z,54.006187,-0.4334813,23.483,0.242,298.1705,502766,457820
220.0037591457367,1680680994.1398294,2023-04-05T08:23:45.000Z,54.0061862,-0.4334759,23.429,0.172,298.1705,502766,457820
221.0037603378296,1680680995.1398306,2023-04-05T08:23:46.000Z,54.0061867,-0.4334766,23.357,0.318,298.1705,502766,457820
222.0037603378296,1680680996.1398306,2023-04-05T08:23:47.000Z,54.0061864,-0.4334741,23.326,0.291,298.1705,502766,457820
223.00376081466675,1680680997.139831,2023-04-05T08:23:48.000Z,54.0061864,-0.433472,23.234,0.288,298.1705,502766,457820
224.00376152992249,1680680998.1398318,2023-04-05T08:23:49.000Z,54.0061871,-0.4334733,23.115,0.349,298.1705,502766,457820
225.00376200675964,1680680999.1398323,2023-04-05T08:23:50.000Z,54.006187,-0.4334724,23.069,0.326,298.1705,502766,457820
226.00376272201538,1680681000.139833,2023-04-05T08:23:51.000Z,54.0061858,-0.4334662,23.049,0.251,298.1705,502767,457820
227.00376391410828,1680681001.1398342,2023-04-05T08:23:52.000Z,54.0061863,-0.43347,23.011,0.537,293.817,502766,457820
228.00376558303833,1680681002.1398358,2023-04-05T08:23:53.000Z,54.0061863,-0.4334694,22.92,0.335,293.817,502766,457820
229.00376653671265,1680681003.1398368,2023-04-05T08:23:54.000Z,54.0061864,-0.4334698,22.872,0.187,293.817,502766,457820
230.00376749038696,1680681004.1398377,2023-04-05T08:23:55.000Z,54.0061869,-0.4334699,22.783,0.122,293.817,502766,457820
231.00376892089844,1680681005.1398392,2023-04-05T08:23:56.000Z,54.0061874,-0.4334709,22.628,0.08,293.817,502766,457820
232.00376915931702,1680681006.1398394,2023-04-05T08:23:57.000Z,54.0061881,-0.4334719,22.552,0.069,293.817,502766,457820
233.0037705898285,1680681007.1398408,2023-04-05T08:23:58.000Z,54.0061884,-0.4334715,22.464,0.066,293.817,502766,457820
234.00377202033997,1680681008.1398423,2023-04-05T08:23:59.000Z,54.0061885,-0.4334723,22.33,0.119,293.817,502766,457820
235.00377297401428,1680681009.1398432,2023-04-05T08:24:00.000Z,54.0061889,-0.4334761,22.188,0.192,293.817,502766,457820
236.0037739276886,1680681010.1398442,2023-04-05T08:24:01.000Z,54.0061889,-0.4334771,22.065,0.118,293.817,502766,457820
237.0037751197815,1680681011.1398454,2023-04-05T08:24:02.000Z,54.0061889,-0.4334776,21.934,0.041,293.817,502766,457820
238.00377559661865,1680681012.1398458,2023-04-05T08:24:03.000Z,54.0061893,-0.4334795,21.812,0.131,293.817,502766,457820
239.00377655029297,1680681013.1398468,2023-04-05T08:24:04.000Z,54.006189,-0.4334792,21.698,0.154,293.817,502766,457820
240.00377774238586,1680681014.139848,2023-04-05T08:24:05.000Z,54.0061886,-0.4334795,21.608,0.066,293.817,502766,457820
241.00377821922302,1680681015.1398485,2023-04-05T08:24:06.000Z,54.0061884,-0.4334819,21.568,0.263,293.817,502766,457820
242.0037784576416,1680681016.1398487,2023-04-05T08:24:07.000Z,54.0061871,-0.4334766,21.553,0.081,293.817,502766,457820
243.00377917289734,1680681017.1398494,2023-04-05T08:24:08.000Z,54.0061868,-0.4334764,21.518,0.074,293.817,502766,457820
244.00377988815308,1680681018.1398501,2023-04-05T08:24:09.000Z,54.0061862,-0.4334758,21.538,0.034,293.817,502766,457820
245.00378012657166,1680681019.1398504,2023-04-05T08:24:10.000Z,54.0061854,-0.4334757,21.538,0.047,293.817,502766,457820
246.00378155708313,1680681020.1398518,2023-04-05T08:24:11.000Z,54.0061843,-0.4334745,21.524,0.115,293.817,502766,457820
247.00378274917603,1680681021.139853,2023-04-05T08:24:12.000Z,54.0061831,-0.4334729,21.38,0.053,293.817,502766,457820
248.00378394126892,1680681022.1398542,2023-04-05T08:24:13.000Z,54.0061884,-0.4334767,21.42,0.975,317.0456,502766,457820
249.00378465652466,1680681023.139855,2023-04-05T08:24:14.000Z,54.0062022,-0.4334879,21.436,1.975,330.5918,502765,457822
250.00378608703613,1680681024.1398563,2023-04-05T08:24:15.000Z,54.0062244,-0.4335112,21.628,3.054,330.0419,502764,457824
251.0037875175476,1680681025.1398578,2023-04-05T08:24:16.000Z,54.0062506,-0.4335415,21.772,3.669,327.9294,502762,457827
252.0037887096405,1680681026.139859,2023-04-05T08:24:17.000Z,54.0062812,-0.4335811,21.831,4.156,325.8792,502759,457830
253.00378942489624,1680681027.1398597,2023-04-05T08:24:18.000Z,54.0063162,-0.4336203,22.116,4.837,326.6934,502756,457834
254.00379037857056,1680681028.1398606,2023-04-05T08:24:19.000Z,54.0063525,-0.4336567,22.093,4.704,328.399,502754,457838
255.00379157066345,1680681029.1398618,2023-04-05T08:24:20.000Z,54.0063883,-0.4336974,22.272,4.924,327.1677,502751,457842
256.00379157066345,1680681030.1398618,2023-04-05T08:24:21.000Z,54.0064263,-0.4337391,22.453,5.153,326.8947,502748,457846
257.00379157066345,1680681031.1398618,2023-04-05T08:24:22.000Z,54.0064658,-0.4337825,22.242,4.935,328.4582,502745,457851
258.00379157066345,1680681032.1398618,2023-04-05T08:24:23.000Z,54.0065075,-0.4338258,21.984,5.492,328.6715,502742,457855
259.0037930011749,1680681033.1398633,2023-04-05T08:24:24.000Z,54.0065512,-0.43387,22.05,5.751,328.988,502739,457860
260.0037932395935,1680681034.1398635,2023-04-05T08:24:25.000Z,54.0065946,-0.4339114,22.117,5.859,329.0165,502736,457865
261.00379490852356,1680681035.1398652,2023-04-05T08:24:26.000Z,54.0066402,-0.4339571,22.192,6.0,329.3766,502733,457870
262.0037956237793,1680681036.1398659,2023-04-05T08:24:27.000Z,54.0066869,-0.4340053,22.297,6.204,328.6394,502730,457875
263.00379705429077,1680681037.1398673,2023-04-05T08:24:28.000Z,54.0067346,-0.4340569,22.413,6.447,326.7824,502727,457880
264.00379705429077,1680681038.1398673,2023-04-05T08:24:29.000Z,54.0067838,-0.4341079,22.41,6.531,327.8965,502723,457885
265.0037977695465,1680681039.139868,2023-04-05T08:24:30.000Z,54.0068352,-0.4341586,22.053,6.773,328.0467,502720,457891
266.0037987232208,1680681040.139869,2023-04-05T08:24:31.000Z,54.006885,-0.4342086,22.211,6.57,327.7092,502716,457897
267.00379967689514,1680681041.13987,2023-04-05T08:24:32.000Z,54.0069289,-0.4342633,22.973,6.131,323.3059,502713,457901
268.0037999153137,1680681042.1398702,2023-04-05T08:24:33.000Z,54.0069774,-0.4343144,22.959,6.283,328.0511,502709,457907
269.0038015842438,1680681043.1398718,2023-04-05T08:24:34.000Z,54.0070239,-0.4343611,23.284,5.798,328.5414,502706,457912
270.0038025379181,1680681044.1398728,2023-04-05T08:24:35.000Z,54.0070707,-0.4343969,23.266,5.6,334.4742,502703,457917
271.0038025379181,1680681045.1398728,2023-04-05T08:24:36.000Z,54.0071186,-0.4344358,23.148,5.924,334.602,502701,457922
272.0038034915924,1680681046.1398737,2023-04-05T08:24:37.000Z,54.0071649,-0.4344684,23.195,5.711,335.2992,502699,457927
273.00380420684814,1680681047.1398745,2023-04-05T08:24:38.000Z,54.0072127,-0.4345051,22.972,5.856,334.0608,502696,457933
274.0038049221039,1680681048.1398752,2023-04-05T08:24:39.000Z,54.0072616,-0.4345526,22.921,6.206,331.1216,502693,457938
275.0038061141968,1680681049.1398764,2023-04-05T08:24:40.000Z,54.0073088,-0.4346009,22.901,6.156,329.0551,502689,457943
276.0038070678711,1680681050.1398773,2023-04-05T08:24:41.000Z,54.0073563,-0.4346552,23.238,6.38,326.6208,502686,457948
277.0038070678711,1680681051.1398773,2023-04-05T08:24:42.000Z,54.0074028,-0.4347094,23.652,6.327,325.7849,502682,457953
278.00380849838257,1680681052.1398787,2023-04-05T08:24:43.000Z,54.0074515,-0.4347614,23.765,6.427,328.309,502679,457959
279.0038092136383,1680681053.1398795,2023-04-05T08:24:44.000Z,54.0075037,-0.4348252,23.573,7.032,324.9499,502674,457965
280.0038106441498,1680681054.139881,2023-04-05T08:24:45.000Z,54.0075542,-0.4348838,23.782,6.481,327.1721,502670,457970
281.0038118362427,1680681055.139882,2023-04-05T08:24:46.000Z,54.0076034,-0.4349437,24.105,6.513,326.3175,502666,457975
282.003812789917,1680681056.139883,2023-04-05T08:24:47.000Z,54.0076512,-0.4349996,24.366,6.348,326.5183,502663,457981
283.0038139820099,1680681057.1398842,2023-04-05T08:24:48.000Z,54.0076992,-0.4350541,24.562,6.386,326.9965,502659,457986
284.0038146972656,1680681058.139885,2023-04-05T08:24:49.000Z,54.0077484,-0.4350978,24.687,6.233,330.5577,502656,457991
285.0038146972656,1680681059.139885,2023-04-05T08:24:50.000Z,54.0077953,-0.4351411,25.034,6.132,329.9275,502653,457997
286.0038161277771,1680681060.1398864,2023-04-05T08:24:51.000Z,54.0078419,-0.4351891,24.692,6.047,327.8419,502650,458002
287.0038170814514,1680681061.1398873,2023-04-05T08:24:52.000Z,54.0078896,-0.4352457,24.723,6.264,327.3222,502646,458007
288.0038182735443,1680681062.1398885,2023-04-05T08:24:53.000Z,54.0079384,-0.4352927,24.766,6.138,330.683,502643,458012
289.0038182735443,1680681063.1398885,2023-04-05T08:24:54.000Z,54.0079892,-0.4353496,24.523,6.304,328.5214,502639,458018
290.0038182735443,1680681064.1398885,2023-04-05T08:24:55.000Z,54.0080345,-0.4353836,24.778,5.381,333.7144,502636,458023
291.0038194656372,1680681065.1398897,2023-04-05T08:24:56.000Z,54.0080838,-0.4354276,24.51,5.913,333.2361,502633,458028
292.0038206577301,1680681066.139891,2023-04-05T08:24:57.000Z,54.0081312,-0.4354732,24.897,5.935,331.3171,502630,458033
293.00382256507874,1680681067.1398928,2023-04-05T08:24:58.000Z,54.0081815,-0.4355266,24.834,6.424,328.8613,502627,458039
294.00382256507874,1680681068.1398928,2023-04-05T08:24:59.000Z,54.0082302,-0.4355769,24.965,6.243,328.4692,502623,458044
295.00382256507874,1680681069.1398928,2023-04-05T08:25:00.000Z,54.0082779,-0.4356223,25.114,6.013,329.7168,502620,458050
296.0038228034973,1680681070.139893,2023-04-05T08:25:01.000Z,54.0083233,-0.4356723,25.219,5.883,326.6005,502617,458054
297.0038239955902,1680681071.1398942,2023-04-05T08:25:02.000Z,54.008367,-0.4357202,25.628,5.695,326.7238,502614,458059
298.00382566452026,1680681072.139896,2023-04-05T08:25:03.000Z,54.0084076,-0.435772,26.374,5.596,324.2981,502610,458064
299.0038261413574,1680681073.1398964,2023-04-05T08:25:04.000Z,54.0084504,-0.4358209,26.699,5.68,326.4435,502607,458068
300.0038278102875,1680681074.139898,2023-04-05T08:25:05.000Z,54.0084951,-0.4358664,26.912,5.565,329.3226,502604,458073
301.00382947921753,1680681075.1398997,2023-04-05T08:25:06.000Z,54.008538,-0.4359134,27.008,5.206,328.8236,502600,458078
302.0038299560547,1680681076.1399002,2023-04-05T08:25:07.000Z,54.0085792,-0.4359551,27.141,4.983,330.5685,502598,458083
303.0038306713104,1680681077.139901,2023-04-05T08:25:08.000Z,54.0086178,-0.4359952,27.173,4.844,329.5771,502595,458087
304.0038311481476,1680681078.1399014,2023-04-05T08:25:09.000Z,54.0086624,-0.4360585,27.215,6.156,323.1584,502591,458092
305.00383281707764,1680681079.139903,2023-04-05T08:25:10.000Z,54.0087019,-0.4361042,27.311,5.235,324.0252,502588,458096
306.00383377075195,1680681080.139904,2023-04-05T08:25:11.000Z,54.008739,-0.4361379,27.888,4.747,329.4349,502585,458100
307.0038342475891,1680681081.1399045,2023-04-05T08:25:12.000Z,54.0087838,-0.4361832,27.743,5.565,328.2679,502582,458105
308.003835439682,1680681082.1399057,2023-04-05T08:25:13.000Z,54.0088282,-0.4362286,27.7,5.604,328.0377,502579,458110
309.0038368701935,1680681083.1399071,2023-04-05T08:25:14.000Z,54.0088695,-0.4362726,27.86,5.388,326.9446,502576,458114
310.00383830070496,1680681084.1399086,2023-04-05T08:25:15.000Z,54.0089128,-0.436317,27.599,5.395,328.347,502573,458119
311.003839969635,1680681085.1399102,2023-04-05T08:25:16.000Z,54.0089551,-0.4363597,27.577,5.192,328.6525,502570,458124
312.0038402080536,1680681086.1399105,2023-04-05T08:25:17.000Z,54.0089947,-0.4363982,27.866,4.901,329.092,502568,458128
313.00384163856506,1680681087.139912,2023-04-05T08:25:18.000Z,54.0090368,-0.4364451,27.751,5.489,328.1297,502564,458133
314.00502729415894,1680681088.1410975,2023-04-05T08:25:19.000Z,54.0090774,-0.4364917,27.956,5.318,327.0205,502561,458137
315.0050280094147,1680681089.1410983,2023-04-05T08:25:20.000Z,54.0091167,-0.4365424,28.452,5.517,324.6527,502558,458142
316.0050280094147,1680681090.1410983,2023-04-05T08:25:21.000Z,54.0091588,-0.4365912,28.541,5.561,326.0496,502554,458146
317.005028963089,1680681091.1410992,2023-04-05T08:25:22.000Z,54.0092014,-0.4366426,28.446,5.686,325.1756,502551,458151
318.0050301551819,1680681092.1411004,2023-04-05T08:25:23.000Z,54.0092443,-0.4366897,28.214,5.513,326.1266,502548,458155
319.00503182411194,1680681093.141102,2023-04-05T08:25:24.000Z,54.0092857,-0.4367339,28.115,5.466,326.1345,502545,458160
320.0050325393677,1680681094.1411028,2023-04-05T08:25:25.000Z,54.0093283,-0.4367795,27.965,5.469,327.1046,502542,458165
321.0050344467163,1680681095.1411047,2023-04-05T08:25:26.000Z,54.0093719,-0.4368254,27.773,5.413,328.2387,502539,458169
322.0050354003906,1680681096.1411057,2023-04-05T08:25:27.000Z,54.0094146,-0.4368673,27.871,5.365,330.2394,502536,458174
323.0050358772278,1680681097.1411061,2023-04-05T08:25:28.000Z,54.0094583,-0.436905,27.542,5.109,333.8613,502533,458179
324.00503635406494,1680681098.1411066,2023-04-05T08:25:29.000Z,54.0095014,-0.4369493,27.752,5.446,332.0466,502530,458184
325.00503754615784,1680681099.1411078,2023-04-05T08:25:30.000Z,54.0095465,-0.4369941,27.544,5.725,330.4732,502527,458189
326.005038022995,1680681100.1411083,2023-04-05T08:25:31.000Z,54.0095903,-0.4370251,27.351,5.407,333.4059,502525,458193
327.005038022995,1680681101.1411083,2023-04-05T08:25:32.000Z,54.0096311,-0.4370694,28.512,5.553,327.9239,502522,458198
328.005038022995,1680681102.1411083,2023-04-05T08:25:33.000Z,54.0096717,-0.4370961,28.608,4.935,333.1799,502520,458202
329.00503849983215,1680681103.1411088,2023-04-05T08:25:34.000Z,54.0097173,-0.4371418,28.477,5.593,330.4037,502517,458207
330.00503849983215,1680681104.1411088,2023-04-05T08:25:35.000Z,54.0097639,-0.4371852,28.103,5.794,330.9089,502514,458213
331.0050389766693,1680681105.1411092,2023-04-05T08:25:36.000Z,54.0098078,-0.437229,28.35,5.849,328.9801,502511,458217
332.00503945350647,1680681106.1411097,2023-04-05T08:25:37.000Z,54.0098532,-0.4372753,28.456,5.851,329.0632,502508,458222
333.0050411224365,1680681107.1411114,2023-04-05T08:25:38.000Z,54.0099001,-0.4373195,28.062,5.712,330.2687,502505,458228
334.00504207611084,1680681108.1411123,2023-04-05T08:25:39.000Z,54.0099441,-0.4373593,28.121,5.528,330.7159,502502,458232
335.0050427913666,1680681109.141113,2023-04-05T08:25:40.000Z,54.0099884,-0.4374024,28.213,5.533,330.1991,502499,458237
336.00504302978516,1680681110.1411133,2023-04-05T08:25:41.000Z,54.0100345,-0.4374497,27.691,5.744,330.5471,502496,458242
337.00504302978516,1680681111.1411133,2023-04-05T08:25:42.000Z,54.0100831,-0.4375028,26.894,6.288,329.7273,502492,458248
338.00504302978516,1680681112.1411133,2023-04-05T08:25:43.000Z,54.0101281,-0.4375538,26.571,5.916,326.703,502489,458253
339.00504326820374,1680681113.1411135,2023-04-05T08:25:44.000Z,54.0101723,-0.4376005,26.972,5.792,327.5253,502486,458257
340.0050446987152,1680681114.141115,2023-04-05T08:25:45.000Z,54.0102166,-0.4376424,26.972,5.55,330.477,502483,458262
341.0050446987152,1680681115.141115,2023-04-05T08:25:46.000Z,54.0102598,-0.4376816,27.099,5.285,331.4875,502480,458267
342.0050458908081,1680681116.1411161,2023-04-05T08:25:47.000Z,54.0103047,-0.4377401,27.107,6.11,326.7507,502476,458272
343.0050458908081,1680681117.1411161,2023-04-05T08:25:48.000Z,54.0103496,-0.4377827,26.928,5.842,328.1782,502473,458277
344.0050458908081,1680681118.1411161,2023-04-05T08:25:49.000Z,54.0103914,-0.4378242,27.387,5.71,327.7085,502471,458281
345.00504636764526,1680681119.1411166,2023-04-05T08:25:50.000Z,54.0104327,-0.4378573,27.612,5.265,330.0839,502468,458286
346.00504779815674,1680681120.141118,2023-04-05T08:25:51.000Z,54.0104726,-0.4378918,27.875,5.048,330.8967,502466,458290
347.00504779815674,1680681121.141118,2023-04-05T08:25:52.000Z,54.0105125,-0.4379287,28.14,5.071,331.175,502464,458295
348.0050492286682,1680681122.1411195,2023-04-05T08:25:53.000Z,54.0105462,-0.4379647,28.973,4.628,327.6016,502461,458298
349.00527906417847,1680681123.1413493,2023-04-05T08:25:54.000Z,54.0105832,-0.4379986,28.849,4.823,329.0696,502459,458303
350.0052807331085,1680681124.141351,2023-04-05T08:25:55.000Z,54.010619,-0.4380347,29.071,4.548,328.8455,502456,458306
351.00528168678284,1680681125.141352,2023-04-05T08:25:56.000Z,54.0106518,-0.4380713,29.273,4.232,327.9869,502454,458310
352.00528216362,1680681126.1413524,2023-04-05T08:25:57.000Z,54.0106811,-0.438083,29.133,3.322,337.2941,502453,458313
353.0052831172943,1680681127.1413534,2023-04-05T08:25:58.000Z,54.0107117,-0.4381148,29.26,3.794,333.094,502451,458317
354.00528359413147,1680681128.1413538,2023-04-05T08:25:59.000Z,54.0107423,-0.4381491,29.2,3.743,329.5405,502449,458320
355.00528502464294,1680681129.1413553,2023-04-05T08:26:00.000Z,54.0107723,-0.4381813,29.18,3.924,327.8101,502446,458323
356.0052864551544,1680681130.1413567,2023-04-05T08:26:01.000Z,54.0108022,-0.4382139,29.261,3.94,326.7086,502444,458327
357.0052881240845,1680681131.1413584,2023-04-05T08:26:02.000Z,54.010833,-0.4382507,29.255,4.004,325.801,502442,458330
358.00528836250305,1680681132.1413586,2023-04-05T08:26:03.000Z,54.0108638,-0.4382898,29.325,4.187,325.4273,502439,458333
359.0052900314331,1680681133.1413603,2023-04-05T08:26:04.000Z,54.0108942,-0.438331,29.471,4.147,322.1622,502436,458337
360.00529074668884,1680681134.141361,2023-04-05T08:26:05.000Z,54.0109248,-0.4383724,29.591,4.191,322.6628,502433,458340
361.00529170036316,1680681135.141362,2023-04-05T08:26:06.000Z,54.0109561,-0.4384129,29.499,4.211,322.7748,502431,458343
362.00529193878174,1680681136.1413622,2023-04-05T08:26:07.000Z,54.0109863,-0.4384548,29.879,4.256,321.9393,502428,458347
363.0052926540375,1680681137.141363,2023-04-05T08:26:08.000Z,54.0110174,-0.4384983,30.089,4.345,321.8269,502425,458350
364.00529408454895,1680681138.1413643,2023-04-05T08:26:09.000Z,54.0110462,-0.4385385,30.365,3.942,321.6723,502422,458353
365.0052955150604,1680681139.1413658,2023-04-05T08:26:10.000Z,54.0110752,-0.4385755,30.213,3.899,322.8273,502420,458356
366.00529623031616,1680681140.1413665,2023-04-05T08:26:11.000Z,54.0111004,-0.4386058,30.411,3.297,324.0323,502418,458359
367.00559306144714,1680681141.1416633,2023-04-05T08:26:12.000Z,54.011126,-0.4386468,30.066,3.664,317.0779,502415,458362
368.0055937767029,1680681142.141664,2023-04-05T08:26:13.000Z,54.0111516,-0.4386998,29.957,4.241,311.2416,502411,458365
369.00559520721436,1680681143.1416655,2023-04-05T08:26:14.000Z,54.0111796,-0.4387573,29.557,4.798,309.6551,502408,458368
370.00559663772583,1680681144.141667,2023-04-05T08:26:15.000Z,54.0112085,-0.4388175,29.398,4.986,308.752,502404,458371
371.00559759140015,1680681145.1416678,2023-04-05T08:26:16.000Z,54.0112368,-0.4388767,29.214,4.816,309.3557,502400,458374
372.0055990219116,1680681146.1416693,2023-04-05T08:26:17.000Z,54.0112655,-0.4389339,29.077,4.859,308.7047,502396,458377
373.0056006908417,1680681147.141671,2023-04-05T08:26:18.000Z,54.0112946,-0.4389939,29.232,5.048,308.5705,502392,458380
374.00560188293457,1680681148.1416721,2023-04-05T08:26:19.000Z,54.0113248,-0.4390555,29.277,5.216,309.3222,502388,458384
375.00560307502747,1680681149.1416733,2023-04-05T08:26:20.000Z,54.0113554,-0.4391183,29.172,5.297,310.441,502384,458387
376.0056035518646,1680681150.1416738,2023-04-05T08:26:21.000Z,54.0113872,-0.4391811,28.966,5.359,310.4177,502379,458390
377.0056040287018,1680681151.1416743,2023-04-05T08:26:22.000Z,54.0114196,-0.4392461,28.697,5.502,309.8069,502375,458394
378.0056047439575,1680681152.141675,2023-04-05T08:26:23.000Z,54.0114531,-0.4393105,28.479,5.539,310.4627,502371,458397
379.0065791606903,1680681153.1426494,2023-04-05T08:26:24.000Z,54.0114866,-0.4393744,28.429,5.482,311.6292,502366,458401
380.00657987594604,1680681154.1426501,2023-04-05T08:26:25.000Z,54.0115199,-0.4394393,28.2,5.504,311.4879,502362,458405
381.0065801143646,1680681155.1426504,2023-04-05T08:26:26.000Z,54.0115528,-0.4395039,28.196,5.491,311.3878,502358,458408
382.00658106803894,1680681156.1426513,2023-04-05T08:26:27.000Z,54.011585,-0.4395673,28.308,5.211,310.8588,502354,458412
383.00658106803894,1680681157.1426513,2023-04-05T08:26:28.000Z,54.0116163,-0.4396295,28.334,5.226,310.6334,502349,458415
384.0065815448761,1680681158.1426518,2023-04-05T08:26:29.000Z,54.0116467,-0.4396899,28.231,5.095,310.9195,502345,458418
385.0065829753876,1680681159.1426532,2023-04-05T08:26:30.000Z,54.0116777,-0.439748,28.281,5.008,312.7769,502341,458422
386.0065839290619,1680681160.1426542,2023-04-05T08:26:31.000Z,54.0117082,-0.4398039,28.16,4.843,312.8094,502338,458425
387.00658440589905,1680681161.1426547,2023-04-05T08:26:32.000Z,54.0117379,-0.4398598,28.038,4.844,311.666,502334,458428
388.0065858364105,1680681162.142656,2023-04-05T08:26:33.000Z,54.0117653,-0.4399149,28.173,4.647,310.8423,502330,458431
389.006587266922,1680681163.1426575,2023-04-05T08:26:34.000Z,54.0117904,-0.4399708,28.174,4.55,307.3712,502327,458434
390.006587266922,1680681164.1426575,2023-04-05T08:26:35.000Z,54.011807,-0.440032,27.851,4.539,295.84,502323,458436
391.00658798217773,1680681165.1426582,2023-04-05T08:26:36.000Z,54.0118057,-0.4401031,27.609,4.901,269.3492,502318,458436
392.00658917427063,1680681166.1426594,2023-04-05T08:26:37.000Z,54.0117767,-0.4401667,26.693,5.694,229.2212,502314,458432
393.00658988952637,1680681167.1426601,2023-04-05T08:26:38.000Z,54.0117302,-0.4401988,26.399,5.777,208.3684,502312,458427
394.00659012794495,1680681168.1426604,2023-04-05T08:26:39.000Z,54.0116807,-0.4402054,26.02,5.944,169.7956,502311,458421
395.031179189682,1680681169.1672494,2023-04-05T08:26:40.000Z,54.0116265,-0.44018,25.764,6.466,159.7755,502313,458415
396.0311794281006,1680681170.1672497,2023-04-05T08:26:41.000Z,54.0115702,-0.4401419,25.962,6.879,158.9194,502316,458409
397.03118085861206,1680681171.167251,2023-04-05T08:26:42.000Z,54.0115113,-0.4401066,25.871,7.025,160.394,502318,458403
398.03118085861206,1680681172.167251,2023-04-05T08:26:43.000Z,54.0114519,-0.4400694,26.205,7.182,159.9893,502321,458396
399.0311825275421,1680681173.1672528,2023-04-05T08:26:44.000Z,54.0113895,-0.4400334,26.399,7.42,161.6046,502323,458389
400.0311839580536,1680681174.1672542,2023-04-05T08:26:45.000Z,54.0113235,-0.4400005,26.293,7.683,163.76,502326,458382
401.03118538856506,1680681175.1672556,2023-04-05T08:26:46.000Z,54.0112528,-0.4399752,25.745,8.008,168.3137,502328,458374
402.0311858654022,1680681176.167256,2023-04-05T08:26:47.000Z,54.0111801,-0.4399546,24.758,8.071,170.4397,502329,458366
403.0311872959137,1680681177.1672575,2023-04-05T08:26:48.000Z,54.0111078,-0.4399505,24.741,8.2,182.2357,502330,458358
404.03118872642517,1680681178.167259,2023-04-05T08:26:49.000Z,54.0110383,-0.4399738,25.079,8.054,195.3599,502328,458350
405.03118872642517,1680681179.167259,2023-04-05T08:26:50.000Z,54.0109735,-0.4400275,24.834,8.039,208.1787,502325,458343
406.03118991851807,1680681180.1672602,2023-04-05T08:26:51.000Z,54.0109192,-0.4400936,25.188,7.604,214.7374,502321,458337
407.03119134902954,1680681181.1672616,2023-04-05T08:26:52.000Z,54.0108662,-0.4401454,24.847,6.594,211.9142,502317,458331
408.0311920642853,1680681182.1672623,2023-04-05T08:26:53.000Z,54.010836,-0.4402132,27.137,6.077,223.2153,502313,458327
409.03119254112244,1680681183.1672628,2023-04-05T08:26:54.000Z,54.0107897,-0.4402775,27.23,6.561,220.3202,502309,458322
410.03119349479675,1680681184.1672637,2023-04-05T08:26:55.000Z,54.0107244,-0.4403351,24.257,7.338,208.8901,502305,458315
411.03119468688965,1680681185.167265,2023-04-05T08:26:56.000Z,54.0106767,-0.4404184,23.605,7.054,217.9877,502300,458309
412.03119564056396,1680681186.167266,2023-04-05T08:26:57.000Z,54.0106393,-0.4405065,24.889,7.089,228.2003,502294,458305
413.0311965942383,1680681187.1672668,2023-04-05T08:26:58.000Z,54.0105942,-0.4405847,24.387,7.241,226.738,502289,458300
414.03119802474976,1680681188.1672683,2023-04-05T08:26:59.000Z,54.0105589,-0.4406701,23.967,6.747,231.872,502284,458296
415.03119921684265,1680681189.1672695,2023-04-05T08:27:00.000Z,54.0105221,-0.4407525,24.096,6.696,232.3835,502278,458292
416.0311996936798,1680681190.16727,2023-04-05T08:27:01.000Z,54.0104997,-0.4408526,25.839,6.807,240.3532,502272,458289
417.0312011241913,1680681191.1672714,2023-04-05T08:27:02.000Z,54.0104698,-0.4409576,24.673,6.854,242.3906,502265,458286
418.03120279312134,1680681192.167273,2023-04-05T08:27:03.000Z,54.0104439,-0.4410584,24.548,6.773,244.1003,502259,458283
419.03120398521423,1680681193.1672742,2023-04-05T08:27:04.000Z,54.0104239,-0.4411581,25.64,6.544,244.9295,502252,458280
420.0312042236328,1680681194.1672745,2023-04-05T08:27:05.000Z,54.0103926,-0.4412331,26.339,5.938,237.371,502247,458277
421.03120517730713,1680681195.1672754,2023-04-05T08:27:06.000Z,54.0103714,-0.4413289,26.992,6.049,240.0094,502241,458274
422.03120708465576,1680681196.1672773,2023-04-05T08:27:07.000Z,54.010355,-0.4414221,27.742,5.741,243.0739,502235,458272
423.03120708465576,1680681197.1672773,2023-04-05T08:27:08.000Z,54.0103154,-0.4415275,25.401,7.194,241.0881,502228,458268
424.03120827674866,1680681198.1672785,2023-04-05T08:27:09.000Z,54.0102754,-0.4416058,25.358,6.358,231.9927,502223,458263
425.0312089920044,1680681199.1672792,2023-04-05T08:27:10.000Z,54.0102385,-0.4416916,23.405,6.347,234.3523,502218,458259
426.031210899353,1680681200.1672812,2023-04-05T08:27:11.000Z,54.010191,-0.4417775,20.481,6.71,229.331,502212,458253
427.0312111377716,1680681201.1672814,2023-04-05T08:27:12.000Z,54.0101406,-0.4418526,19.307,6.839,224.0664,502207,458248
428.03121161460876,1680681202.1672819,2023-04-05T08:27:13.000Z,54.0100922,-0.4419232,18.989,6.916,222.0455,502203,458242
429.0312132835388,1680681203.1672835,2023-04-05T08:27:14.000Z,54.0100456,-0.4419933,19.207,6.781,221.9699,502198,458237
430.03121399879456,1680681204.1672843,2023-04-05T08:27:15.000Z,54.0099952,-0.4420666,16.393,6.559,220.5931,502194,458231
431.03121542930603,1680681205.1672857,2023-04-05T08:27:16.000Z,54.0099546,-0.4421426,15.181,6.457,225.5391,502189,458227
432.0312159061432,1680681206.1672862,2023-04-05T08:27:17.000Z,54.0099148,-0.4422179,14.438,6.442,227.1108,502184,458222
433.03121638298035,1680681207.1672866,2023-04-05T08:27:18.000Z,54.0098803,-0.4422794,16.515,5.838,226.1366,502180,458218
434.03121638298035,1680681208.1672866,2023-04-05T08:27:19.000Z,54.0098416,-0.4423521,16.836,6.356,227.0963,502175,458214
435.03121638298035,1680681209.1672866,2023-04-05T08:27:20.000Z,54.0098049,-0.4424205,17.005,5.935,227.4225,502171,458210
436.03121757507324,1680681210.1672878,2023-04-05T08:27:21.000Z,54.0097652,-0.4424751,18.182,5.818,219.7486,502167,458205
437.03121876716614,1680681211.167289,2023-04-05T08:27:22.000Z,54.0097173,-0.4425273,16.637,5.734,213.3117,502164,458200
438.03121972084045,1680681212.16729,2023-04-05T08:27:23.000Z,54.0096673,-0.4425533,17.348,5.701,202.5458,502163,458194
439.03122067451477,1680681213.167291,2023-04-05T08:27:24.000Z,54.0096334,-0.4425536,21.703,4.111,195.1566,502163,458190
440.03122067451477,1680681214.167291,2023-04-05T08:27:25.000Z,54.0096027,-0.4425523,24.009,3.587,189.6502,502163,458187
441.03122115135193,1680681215.1672914,2023-04-05T08:27:26.000Z,54.0095645,-0.4425416,26.996,4.294,177.8067,502164,458183
442.03122186660767,1680681216.167292,2023-04-05T08:27:27.000Z,54.0095272,-0.4425283,28.713,4.214,170.4871,502165,458179
443.0312235355377,1680681217.1672938,2023-04-05T08:27:28.000Z,54.0094943,-0.4425098,31.853,4.074,168.5582,502166,458175
444.03123474121094,1680681218.167305,2023-04-05T08:27:29.000Z,54.0094659,-0.4424912,35.118,3.498,166.2773,502167,458172
445.0312361717224,1680681219.1673064,2023-04-05T08:27:30.000Z,54.0094405,-0.4424705,38.465,3.339,164.2171,502169,458169
446.03123712539673,1680681220.1673074,2023-04-05T08:27:31.000Z,54.0094332,-0.4424389,44.905,2.441,157.2345,502171,458168
447.0312376022339,1680681221.1673079,2023-04-05T08:27:32.000Z,54.0094277,-0.4424081,52.144,2.316,146.3204,502173,458168
448.03123807907104,1680681222.1673083,2023-04-05T08:27:33.000Z,54.0094136,-0.4423784,58.579,2.699,143.4792,502175,458166
449.03123927116394,1680681223.1673095,2023-04-05T08:27:34.000Z,54.009381,-0.4423592,60.664,3.731,151.1341,502176,458163
450.03124022483826,1680681224.1673105,2023-04-05T08:27:35.000Z,54.0093505,-0.4423308,66.726,3.859,153.7278,502178,458159
451.03124022483826,1680681225.1673105,2023-04-05T08:27:36.000Z,54.0093108,-0.442301,70.633,4.385,154.3313,502180,458155
452.03124022483826,1680681226.1673105,2023-04-05T08:27:37.000Z,54.0092943,-0.442261,80.452,3.73,151.8602,502183,458153
453.03124022483826,1680681227.1673105,2023-04-05T08:27:38.000Z,54.009279,-0.4422169,91.995,3.72,147.177,502186,458151
454.03124165534973,1680681228.167312,2023-04-05T08:27:39.000Z,54.0092428,-0.4421859,96.745,4.049,147.319,502188,458147
455.03124165534973,1680681229.167312,2023-04-05T08:27:40.000Z,54.0091971,-0.4421608,98.895,4.341,150.3213,502189,458142
456.0312421321869,1680681230.1673124,2023-04-05T08:27:41.000Z,54.0091629,-0.4421276,103.801,4.347,150.0886,502192,458139
457.0312430858612,1680681231.1673133,2023-04-05T08:27:42.000Z,54.0091364,-0.4420885,108.694,4.142,146.3701,502194,458136
458.0312445163727,1680681232.1673148,2023-04-05T08:27:43.000Z,54.0091112,-0.4420425,117.375,4.255,143.9319,502197,458133
459.03124618530273,1680681233.1673164,2023-04-05T08:27:44.000Z,54.0090785,-0.441999,121.663,4.388,141.4898,502200,458129
460.03124618530273,1680681234.1673164,2023-04-05T08:27:45.000Z,54.0090485,-0.4419636,127.104,4.129,142.0024,502203,458126
461.0312466621399,1680681235.167317,2023-04-05T08:27:46.000Z,54.0090187,-0.4419334,133.13,3.978,144.2224,502205,458123
462.03124833106995,1680681236.1673186,2023-04-05T08:27:47.000Z,54.0090113,-0.4418768,144.34,3.918,139.8264,502208,458122
463.0312485694885,1680681237.1673188,2023-04-05T08:27:48.000Z,54.0089916,-0.4418437,152.519,3.609,139.9142,502211,458120
464.0312485694885,1680681238.1673188,2023-04-05T08:27:49.000Z,54.0089814,-0.4417884,158.479,3.571,133.8044,502214,458119
465.03124928474426,1680681239.1673195,2023-04-05T08:27:50.000Z,54.0089573,-0.4417513,166.684,3.497,135.5176,502217,458116
466.0312509536743,1680681240.1673212,2023-04-05T08:27:51.000Z,54.0089354,-0.4417064,174.056,3.679,135.7586,502220,458114
467.0312511920929,1680681241.1673214,2023-04-05T08:27:52.000Z,54.0089273,-0.4416581,183.562,3.428,133.5566,502223,458113
468.03125166893005,1680681242.167322,2023-04-05T08:27:53.000Z,54.0089126,-0.4416061,192.975,3.568,131.3971,502226,458111
469.03125262260437,1680681243.1673229,2023-04-05T08:27:54.000Z,54.0088864,-0.4415658,198.108,3.525,131.0281,502229,458109
470.03125405311584,1680681244.1673243,2023-04-05T08:27:55.000Z,54.0088463,-0.4415091,201.856,4.382,130.3296,502233,458104
471.0312557220459,1680681245.167326,2023-04-05T08:27:56.000Z,54.0088056,-0.441455,206.24,4.688,131.3955,502237,458100
472.0312566757202,1680681246.167327,2023-04-05T08:27:57.000Z,54.0087733,-0.4414069,207.912,4.561,130.1796,502240,458096
473.03125858306885,1680681247.1673288,2023-04-05T08:27:58.000Z,54.00868,-0.4413736,198.741,5.029,133.0053,502242,458086
474.03125977516174,1680681248.16733,2023-04-05T08:27:59.000Z,54.0085571,-0.441369,182.389,5.482,140.0057,502243,458072
475.0312604904175,1680681249.1673307,2023-04-05T08:28:00.000Z,54.00843,-0.4413768,165.746,5.915,147.9161,502243,458058
476.03126192092896,1680681250.1673322,2023-04-05T08:28:01.000Z,54.0083142,-0.4413739,150.413,6.312,152.4799,502243,458045
477.0312623977661,1680681251.1673326,2023-04-05T08:28:02.000Z,54.0082232,-0.4413521,143.46,6.466,154.4488,502245,458035
478.03126335144043,1680681252.1673336,2023-04-05T08:28:03.000Z,54.0081367,-0.4413147,138.774,6.811,154.1324,502247,458026
479.031263589859,1680681253.1673338,2023-04-05T08:28:04.000Z,54.0081074,-0.4412676,137.692,5.775,150.6101,502251,458022
480.03126525878906,1680681254.1673355,2023-04-05T08:28:05.000Z,54.0080755,-0.4412354,143.515,5.09,155.9334,502253,458019
481.0312662124634,1680681255.1673365,2023-04-05T08:28:06.000Z,54.0080257,-0.4412032,145.726,5.443,157.1013,502255,458013
482.03126668930054,1680681256.167337,2023-04-05T08:28:07.000Z,54.0079799,-0.4411682,149.223,5.524,157.4774,502257,458008
483.0312683582306,1680681257.1673386,2023-04-05T08:28:08.000Z,54.007934,-0.44114,151.902,5.499,158.8781,502259,458003
484.0312690734863,1680681258.1673393,2023-04-05T08:28:09.000Z,54.0078902,-0.4411132,154.248,5.343,158.6826,502261,457998
485.0312705039978,1680681259.1673408,2023-04-05T08:28:10.000Z,54.0078439,-0.4410985,155.276,5.147,160.6606,502262,457993
486.0312714576721,1680681260.1673417,2023-04-05T08:28:11.000Z,54.007807,-0.4410728,157.59,4.825,158.9245,502264,457989
487.0312714576721,1680681261.1673417,2023-04-05T08:28:12.000Z,54.0077345,-0.4410634,150.477,4.876,158.0608,502265,457981
488.0312731266022,1680681262.1673434,2023-04-05T08:28:13.000Z,54.0076728,-0.4410298,149.342,5.167,155.3288,502267,457974
489.03127336502075,1680681263.1673436,2023-04-05T08:28:14.000Z,54.0076019,-0.4409954,143.115,5.476,152.3287,502270,457967
490.03127455711365,1680681264.1673448,2023-04-05T08:28:15.000Z,54.0075221,-0.4409752,134.525,5.691,153.0643,502271,457958
491.03127574920654,1680681265.167346,2023-04-05T08:28:16.000Z,54.0074516,-0.4409494,129.373,5.689,154.1467,502273,457950
492.0312759876251,1680681266.1673462,2023-04-05T08:28:17.000Z,54.0073823,-0.4409176,125.541,5.836,154.8894,502275,457942
493.03127694129944,1680681267.1673472,2023-04-05T08:28:18.000Z,54.0073166,-0.4408854,120.231,5.76,154.837,502278,457935
494.03127884864807,1680681268.167349,2023-04-05T08:28:19.000Z,54.00725,-0.4408487,115.209,5.957,153.9775,502280,457928
495.03127932548523,1680681269.1673496,2023-04-05T08:28:20.000Z,54.007186,-0.4408088,109.878,5.829,152.534,502283,457921
496.0312795639038,1680681270.1673498,2023-04-05T08:28:21.000Z,54.0071242,-0.4407687,107.539,5.826,154.5105,502286,457914
497.0312795639038,1680681271.1673498,2023-04-05T08:28:22.000Z,54.0070869,-0.4407186,111.06,5.266,154.9637,502289,457910
498.03128004074097,1680681272.1673503,2023-04-05T08:28:23.000Z,54.0070385,-0.4406773,112.626,5.375,157.4552,502292,457904
499.0312805175781,1680681273.1673508,2023-04-05T08:28:24.000Z,54.006983,-0.4406528,112.197,5.535,162.7622,502294,457898
500.0312807559967,1680681274.167351,2023-04-05T08:28:25.000Z,54.0069391,-0.4406273,113.739,5.177,164.634,502295,457893
501.0312821865082,1680681275.1673524,2023-04-05T08:28:26.000Z,54.006883,-0.4406022,112.422,5.364,163.8679,502297,457887
502.0312829017639,1680681276.1673532,2023-04-05T08:28:27.000Z,54.0068515,-0.4405838,114.171,4.348,164.9339,502299,457884
503.0312840938568,1680681277.1673543,2023-04-05T08:28:28.000Z,54.0067987,-0.4405587,115.873,5.045,165.7977,502300,457878
504.0312852859497,1680681278.1673555,2023-04-05T08:28:29.000Z,54.0067641,-0.4405292,120.12,4.575,164.9899,502302,457874
505.0312864780426,1680681279.1673567,2023-04-05T08:28:30.000Z,54.0067335,-0.440504,123.891,4.08,165.5479,502304,457871
506.0312876701355,1680681280.167358,2023-04-05T08:28:31.000Z,54.006703,-0.4404658,129.519,4.057,163.4195,502307,457867
507.03128838539124,1680681281.1673586,2023-04-05T08:28:32.000Z,54.0066709,-0.4404236,131.254,4.122,158.0323,502309,457864
508.03128933906555,1680681282.1673596,2023-04-05T08:28:33.000Z,54.0066267,-0.4403908,131.703,4.592,157.6134,502312,457859
509.03129029273987,1680681283.1673605,2023-04-05T08:28:34.000Z,54.00658,-0.4403676,133.895,4.861,161.9476,502313,457854
510.03129053115845,1680681284.1673608,2023-04-05T08:28:35.000Z,54.0065446,-0.4403494,135.832,4.459,164.3904,502315,457850
511.03129148483276,1680681285.1673617,2023-04-05T08:28:36.000Z,54.0064909,-0.4403255,137.93,5.049,166.1368,502316,457844
512.0312933921814,1680681286.1673636,2023-04-05T08:28:37.000Z,54.0064628,-0.4403146,140.133,4.303,166.9041,502317,457841
513.0312933921814,1680681287.1673636,2023-04-05T08:28:38.000Z,54.006428,-0.4403012,140.454,4.009,166.9648,502318,457837
514.0312943458557,1680681288.1673646,2023-04-05T08:28:39.000Z,54.0064084,-0.4402967,143.103,3.235,169.0187,502318,457835
515.03129529953,1680681289.1673656,2023-04-05T08:28:40.000Z,54.0063529,-0.4402768,139.7,3.668,165.9796,502320,457829
516.0312955379486,1680681290.1673658,2023-04-05T08:28:41.000Z,54.0063081,-0.4402629,136.001,3.458,164.0468,502321,457824
517.0312962532043,1680681291.1673665,2023-04-05T08:28:42.000Z,54.0062696,-0.44025,132.974,3.081,162.8849,502322,457819
518.0312976837158,1680681292.167368,2023-04-05T08:28:43.000Z,54.0062287,-0.4402259,130.801,3.096,159.8897,502323,457815
519.031298160553,1680681293.1673684,2023-04-05T08:28:44.000Z,54.0061586,-0.4402036,126.351,4.062,159.5428,502325,457807
520.0312991142273,1680681294.1673694,2023-04-05T08:28:45.000Z,54.0061176,-0.4401723,125.156,3.879,157.2646,502327,457803
521.0312995910645,1680681295.1673698,2023-04-05T08:28:46.000Z,54.0060804,-0.4401463,121.002,3.535,152.8336,502329,457799
522.0313007831573,1680681296.167371,2023-04-05T08:28:47.000Z,54.0060339,-0.4401179,115.66,3.481,146.9949,502331,457793
523.0313007831573,1680681297.167371,2023-04-05T08:28:48.000Z,54.0059824,-0.4400853,110.965,3.749,143.4051,502333,457788
524.0313014984131,1680681298.1673717,2023-04-05T08:28:49.000Z,54.0059346,-0.4400582,107.92,3.682,143.8306,502335,457782
525.0313022136688,1680681299.1673725,2023-04-05T08:28:50.000Z,54.005893,-0.4400276,107.29,3.695,144.6618,502337,457778
526.0313041210175,1680681300.1673744,2023-04-05T08:28:51.000Z,54.0058488,-0.4399992,104.676,3.514,145.6648,502339,457773
527.0313041210175,1680681301.1673744,2023-04-05T08:28:52.000Z,54.0058032,-0.4399713,100.831,3.552,145.6184,502341,457768
528.031304359436,1680681302.1673746,2023-04-05T08:28:53.000Z,54.0057717,-0.4399308,98.299,3.369,142.6408,502344,457764
529.0314095020294,1680681303.1674798,2023-04-05T08:28:54.000Z,54.0057244,-0.4398879,94.472,3.88,139.9074,502347,457759
530.031409740448,1680681304.16748,2023-04-05T08:28:55.000Z,54.0056926,-0.4398478,91.19,3.524,136.7967,502350,457756
531.0314111709595,1680681305.1674814,2023-04-05T08:28:56.000Z,54.0056543,-0.4397897,87.892,4.063,132.6275,502353,457752
532.031412601471,1680681306.1674829,2023-04-05T08:28:57.000Z,54.0056154,-0.4397349,83.559,4.302,131.7735,502357,457747
533.031414270401,1680681307.1674845,2023-04-05T08:28:58.000Z,54.0055581,-0.4396974,79.588,4.65,137.2462,502360,457741
534.031414270401,1680681308.1674845,2023-04-05T08:28:59.000Z,54.005505,-0.4396444,76.651,5.242,139.6722,502363,457735
535.0314152240753,1680681309.1674855,2023-04-05T08:29:00.000Z,54.005447,-0.4395948,73.315,5.617,141.9655,502367,457729
536.031415939331,1680681310.1674862,2023-04-05T08:29:01.000Z,54.0053984,-0.4395373,70.562,5.628,141.5782,502371,457724
537.0314168930054,1680681311.1674871,2023-04-05T08:29:02.000Z,54.0053497,-0.4394768,67.274,5.804,139.0617,502375,457718
538.0314185619354,1680681312.1674888,2023-04-05T08:29:03.000Z,54.0052981,-0.439424,65.672,5.7,140.0995,502378,457713
539.0314199924469,1680681313.1674902,2023-04-05T08:29:04.000Z,54.0052542,-0.4393677,63.758,5.428,139.5343,502382,457708
540.0314218997955,1680681314.1674922,2023-04-05T08:29:05.000Z,54.0052033,-0.4393282,60.584,5.2,141.8882,502385,457702
541.0314226150513,1680681315.1674929,2023-04-05T08:29:06.000Z,54.0051415,-0.4392959,58.043,5.504,147.0939,502387,457695
542.031423330307,1680681316.1674936,2023-04-05T08:29:07.000Z,54.0050817,-0.4392604,56.12,5.779,150.5231,502390,457689
543.0314235687256,1680681317.1674938,2023-04-05T08:29:08.000Z,54.005031,-0.4392008,54.6,6.101,147.8613,502394,457683
544.0314240455627,1680681318.1674943,2023-04-05T08:29:09.000Z,54.0049845,-0.4391455,53.896,6.035,145.9621,502397,457678
545.0314249992371,1680681319.1674953,2023-04-05T08:29:10.000Z,54.0049375,-0.4390912,52.485,6.049,144.1715,502401,457673
546.0314264297485,1680681320.1674967,2023-04-05T08:29:11.000Z,54.0048934,-0.4390453,50.967,5.698,144.0796,502404,457668
547.0314273834229,1680681321.1674976,2023-04-05T08:29:12.000Z,54.0048497,-0.4390005,48.741,5.495,143.9466,502407,457663
548.0314280986786,1680681322.1674984,2023-04-05T08:29:13.000Z,54.0048017,-0.4389591,46.4,5.464,144.9644,502410,457658
549.0314297676086,1680681323.1675,2023-04-05T08:29:14.000Z,54.0047601,-0.4389052,44.188,5.503,143.1841,502414,457653
550.0314311981201,1680681324.1675014,2023-04-05T08:29:15.000Z,54.0047315,-0.4388646,43.407,4.49,142.9599,502416,457650
551.0314328670502,1680681325.167503,2023-04-05T08:29:16.000Z,54.004694,-0.4388139,43.144,4.685,143.0058,502420,457646
552.0314331054688,1680681326.1675034,2023-04-05T08:29:17.000Z,54.0046529,-0.4387745,42.472,4.607,145.275,502422,457642
553.0314338207245,1680681327.167504,2023-04-05T08:29:18.000Z,54.0045945,-0.438738,41.174,5.365,149.4612,502425,457635
554.0314345359802,1680681328.1675048,2023-04-05T08:29:19.000Z,54.0045476,-0.4386928,41.645,5.432,151.0508,502428,457630
555.0314359664917,1680681329.1675062,2023-04-05T08:29:20.000Z,54.004511,-0.4386271,41.319,5.506,146.8566,502432,457626
556.0314359664917,1680681330.1675062,2023-04-05T08:29:21.000Z,54.0044707,-0.4385629,39.892,5.6,142.6596,502437,457622
557.031436920166,1680681331.1675072,2023-04-05T08:29:22.000Z,54.0044244,-0.4384984,39.592,5.788,141.6107,502441,457617
558.0314376354218,1680681332.167508,2023-04-05T08:29:23.000Z,54.0043827,-0.4384267,39.499,5.945,139.777,502446,457612
559.0314378738403,1680681333.1675081,2023-04-05T08:29:24.000Z,54.004316,-0.4383774,39.897,6.457,145.8139,502449,457605
560.0314390659332,1680681334.1675093,2023-04-05T08:29:25.000Z,54.0042763,-0.4383229,40.61,5.906,147.4531,502453,457600
561.0314393043518,1680681335.1675096,2023-04-05T08:29:26.000Z,54.0042407,-0.4382617,40.556,5.667,145.8226,502457,457597
562.0314393043518,1680681336.1675096,2023-04-05T08:29:27.000Z,54.0042101,-0.4381991,41.28,5.348,144.1214,502461,457593
563.0314402580261,1680681337.1675105,2023-04-05T08:29:28.000Z,54.0041742,-0.4381481,41.935,5.08,146.1316,502465,457589
564.031441450119,1680681338.1675117,2023-04-05T08:29:29.000Z,54.0041342,-0.4381011,41.487,5.115,147.476,502468,457585
565.031441450119,1680681339.1675117,2023-04-05T08:29:30.000Z,54.0041227,-0.4380676,42.41,3.576,149.2509,502470,457584
566.031441450119,1680681340.1675117,2023-04-05T08:29:31.000Z,54.0040965,-0.4380402,42.614,3.388,151.616,502472,457581
567.0314424037933,1680681341.1675127,2023-04-05T08:29:32.000Z,54.0040835,-0.4380192,43.442,2.655,152.7943,502473,457579
568.0314433574677,1680681342.1675136,2023-04-05T08:29:33.000Z,54.0040468,-0.4379865,43.455,3.33,153.641,502476,457575
569.0314440727234,1680681343.1675143,2023-04-05T08:29:34.000Z,54.0040231,-0.4379579,42.989,3.055,154.5496,502478,457573
570.0314457416534,1680681344.167516,2023-04-05T08:29:35.000Z,54.0040097,-0.4379155,43.455,2.885,150.3612,502480,457571
571.031445980072,1680681345.1675162,2023-04-05T08:29:36.000Z,54.0039982,-0.4378663,44.8,2.909,141.9591,502484,457570
572.0314474105835,1680681346.1675177,2023-04-05T08:29:37.000Z,54.0039851,-0.4378271,46.624,2.703,139.3339,502486,457569
573.0314481258392,1680681347.1675184,2023-04-05T08:29:38.000Z,54.0039479,-0.4377882,46.041,3.596,142.2101,502489,457565
574.0314497947693,1680681348.16752,2023-04-05T08:29:39.000Z,54.0039137,-0.4377552,46.07,3.776,147.3605,502491,457561
575.0314507484436,1680681349.167521,2023-04-05T08:29:40.000Z,54.00387,-0.4377154,45.465,4.433,149.776,502494,457556
576.0314524173737,1680681350.1675227,2023-04-05T08:29:41.000Z,54.0038149,-0.4376917,44.657,4.948,156.0316,502495,457550
577.0326416492462,1680681351.168712,2023-04-05T08:29:42.000Z,54.0037776,-0.4376561,44.623,4.843,156.8351,502498,457546
578.0326416492462,1680681352.168712,2023-04-05T08:29:43.000Z,54.0037351,-0.4376177,44.837,4.952,156.4094,502501,457541
579.0326421260834,1680681353.1687124,2023-04-05T08:29:44.000Z,54.003693,-0.4375683,44.303,5.124,153.8273,502504,457537
580.0326435565948,1680681354.1687138,2023-04-05T08:29:45.000Z,54.0036428,-0.4375198,43.817,5.473,152.4361,502507,457531
581.0326447486877,1680681355.168715,2023-04-05T08:29:46.000Z,54.0036056,-0.4374703,42.818,5.128,150.5737,502511,457527
582.0326454639435,1680681356.1687157,2023-04-05T08:29:47.000Z,54.0035573,-0.4374253,41.409,5.241,150.5638,502514,457522
583.0326471328735,1680681357.1687174,2023-04-05T08:29:48.000Z,54.0035197,-0.4373703,41.913,5.235,149.9932,502517,457518
584.0326480865479,1680681358.1687183,2023-04-05T08:29:49.000Z,54.0034894,-0.4373174,41.296,4.815,148.2609,502521,457514
585.0326483249664,1680681359.1687186,2023-04-05T08:29:50.000Z,54.0034419,-0.4372831,40.815,4.889,152.685,502523,457509
586.0326483249664,1680681360.1687186,2023-04-05T08:29:51.000Z,54.0034012,-0.437246,40.735,4.77,154.7503,502526,457505
587.0326483249664,1680681361.1687186,2023-04-05T08:29:52.000Z,54.0033558,-0.4372093,40.099,4.934,157.3557,502528,457500
588.0326492786407,1680681362.1687195,2023-04-05T08:29:53.000Z,54.0033021,-0.4371869,39.335,5.262,161.818,502530,457494
589.0326504707336,1680681363.1687207,2023-04-05T08:29:54.000Z,54.0032862,-0.4371507,39.095,4.22,160.5223,502532,457492
590.0326507091522,1680681364.168721,2023-04-05T08:29:55.000Z,54.0032372,-0.4371257,38.006,4.678,160.839,502534,457487
591.0326509475708,1680681365.1687212,2023-04-05T08:29:56.000Z,54.0031857,-0.4370877,37.112,5.14,159.1029,502537,457481
592.0326511859894,1680681366.1687214,2023-04-05T08:29:57.000Z,54.003129,-0.4370413,35.462,5.637,156.1113,502540,457475
593.0326516628265,1680681367.168722,2023-04-05T08:29:58.000Z,54.0030811,-0.4369961,34.836,5.523,154.7292,502543,457469
594.0326535701752,1680681368.1687238,2023-04-05T08:29:59.000Z,54.0030403,-0.4369602,34.756,5.14,155.2408,502545,457465
595.0326545238495,1680681369.1687248,2023-04-05T08:30:00.000Z,54.0029887,-0.4369241,34.241,5.43,155.6269,502548,457459
596.0326545238495,1680681370.1687248,2023-04-05T08:30:01.000Z,54.0029315,-0.4368875,33.582,5.733,157.8499,502550,457453
597.032655954361,1680681371.1687262,2023-04-05T08:30:02.000Z,54.0028936,-0.4368212,35.917,5.497,156.0541,502555,457449
598.0326566696167,1680681372.168727,2023-04-05T08:30:03.000Z,54.002865,-0.4367514,38.462,5.059,151.5129,502559,457446
599.0326573848724,1680681373.1687276,2023-04-05T08:30:04.000Z,54.0028212,-0.4367064,40.05,5.097,152.5556,502563,457441
600.0326585769653,1680681374.1687288,2023-04-05T08:30:05.000Z,54.0027825,-0.4366583,42.729,5.014,153.6332,502566,457437
601.0326592922211,1680681375.1687295,2023-04-05T08:30:06.000Z,54.0027485,-0.4366065,44.398,4.858,153.545,502569,457433
602.032660484314,1680681376.1687307,2023-04-05T08:30:07.000Z,54.0027189,-0.4365563,46.172,4.622,153.2251,502573,457430
603.0326611995697,1680681377.1687315,2023-04-05T08:30:08.000Z,54.0026941,-0.4365123,48.014,4.174,153.223,502576,457427
604.0326623916626,1680681378.1687326,2023-04-05T08:30:09.000Z,54.0026531,-0.4364758,46.834,4.896,153.6745,502578,457423
605.0326635837555,1680681379.1687338,2023-04-05T08:30:10.000Z,54.0026113,-0.4364284,45.268,5.405,151.3369,502581,457418
606.0326652526855,1680681380.1687355,2023-04-05T08:30:11.000Z,54.0025711,-0.436375,45.419,5.575,149.3419,502585,457414
607.032666683197,1680681381.168737,2023-04-05T08:30:12.000Z,54.0025317,-0.4363363,45.545,5.234,151.1137,502587,457409
608.032666683197,1680681382.168737,2023-04-05T08:30:13.000Z,54.0025034,-0.4362829,47.352,4.646,149.6771,502591,457406
609.0326683521271,1680681383.1687386,2023-04-05T08:30:14.000Z,54.0024823,-0.436211,49.212,4.771,146.0172,502596,457404
610.03266954422,1680681384.1687398,2023-04-05T08:30:15.000Z,54.0024467,-0.4361579,49.279,4.921,146.0221,502599,457400
611.03267121315,1680681385.1687415,2023-04-05T08:30:16.000Z,54.0024101,-0.4361088,49.077,4.954,147.7815,502603,457396
612.03267121315,1680681386.1687415,2023-04-05T08:30:17.000Z,54.0023819,-0.4360572,49.791,4.698,150.0424,502606,457393
613.03267121315,1680681387.1687415,2023-04-05T08:30:18.000Z,54.0023624,-0.4360003,50.664,4.613,149.8217,502610,457391
614.0326714515686,1680681388.1687417,2023-04-05T08:30:19.000Z,54.002338,-0.4359441,51.125,4.782,147.155,502614,457388
615.0326716899872,1680681389.168742,2023-04-05T08:30:20.000Z,54.002305,-0.4359001,52.119,4.929,153.431,502617,457385
616.0326731204987,1680681390.1687434,2023-04-05T08:30:21.000Z,54.0022864,-0.4358584,55.469,4.507,154.3773,502619,457383
617.0326745510101,1680681391.1687448,2023-04-05T08:30:22.000Z,54.0022522,-0.4358129,55.868,5.073,154.3176,502622,457379
618.032675743103,1680681392.168746,2023-04-05T08:30:23.000Z,54.0022122,-0.4357739,56.395,5.368,157.3472,502625,457374
619.0326766967773,1680681393.168747,2023-04-05T08:30:24.000Z,54.00218,-0.4357324,58.037,5.103,156.9699,502628,457371
620.0326781272888,1680681394.1687484,2023-04-05T08:30:25.000Z,54.0021435,-0.435693,58.63,5.041,157.3757,502631,457367
621.0326788425446,1680681395.168749,2023-04-05T08:30:26.000Z,54.0021193,-0.435648,60.794,4.693,156.185,502634,457364
622.0326793193817,1680681396.1687496,2023-04-05T08:30:27.000Z,54.0020867,-0.4356087,61.542,4.733,155.4379,502636,457361
623.0326807498932,1680681397.168751,2023-04-05T08:30:28.000Z,54.0020581,-0.4355699,62.928,4.519,155.5632,502639,457358
624.0326814651489,1680681398.1687517,2023-04-05T08:30:29.000Z,54.0020341,-0.4355301,65.196,4.381,155.935,502642,457355
625.0326826572418,1680681399.168753,2023-04-05T08:30:30.000Z,54.0020112,-0.4354945,67.437,4.166,157.457,502644,457353
626.0326833724976,1680681400.1687536,2023-04-05T08:30:31.000Z,54.0019789,-0.4354624,67.994,4.275,160.2997,502646,457349
627.0326843261719,1680681401.1687546,2023-04-05T08:30:32.000Z,54.0019476,-0.4354317,68.529,4.199,161.1913,502648,457346
628.0326857566833,1680681402.168756,2023-04-05T08:30:33.000Z,54.0019141,-0.4354044,68.807,4.186,162.1511,502650,457342
629.0326869487762,1680681403.1687572,2023-04-05T08:30:34.000Z,54.0018829,-0.4353758,69.336,4.042,161.9369,502652,457338
630.0326888561249,1680681404.168759,2023-04-05T08:30:35.000Z,54.0018517,-0.4353525,70.066,3.947,163.0048,502654,457335
631.0326895713806,1680681405.1687598,2023-04-05T08:30:36.000Z,54.0018189,-0.4353297,70.299,3.8,162.9883,502655,457331
632.0326900482178,1680681406.1687603,2023-04-05T08:30:37.000Z,54.0017903,-0.4353036,71.098,3.599,161.7341,502657,457328
633.0326912403107,1680681407.1687615,2023-04-05T08:30:38.000Z,54.0017593,-0.4352827,71.087,3.542,162.0682,502658,457325
634.0326926708221,1680681408.168763,2023-04-05T08:30:39.000Z,54.0017289,-0.435264,71.276,3.438,163.1482,502660,457321
635.0326941013336,1680681409.1687644,2023-04-05T08:30:40.000Z,54.0017076,-0.4352455,71.857,2.849,163.149,502661,457319
636.0326941013336,1680681410.1687644,2023-04-05T08:30:41.000Z,54.0016822,-0.4352313,71.031,2.376,164.1075,502662,457316
637.0326945781708,1680681411.1687648,2023-04-05T08:30:42.000Z,54.0016646,-0.4352158,70.009,1.78,163.8392,502663,457314
638.0326955318451,1680681412.1687658,2023-04-05T08:30:43.000Z,54.0016421,-0.4352088,68.395,1.45,163.4641,502664,457312
639.0326972007751,1680681413.1687675,2023-04-05T08:30:44.000Z,54.0016304,-0.4352022,66.84,0.504,160.87,502664,457311
640.0326986312866,1680681414.168769,2023-04-05T08:30:45.000Z,54.0016233,-0.4352004,65.762,0.07,160.87,502664,457310
641.0326988697052,1680681415.1687691,2023-04-05T08:30:46.000Z,54.0016161,-0.435199,64.482,0.068,160.87,502664,457309
642.0327000617981,1680681416.1687703,2023-04-05T08:30:47.000Z,54.0016103,-0.4351989,63.611,0.084,160.87,502664,457308
643.032701253891,1680681417.1687715,2023-04-05T08:30:48.000Z,54.0016015,-0.4352005,61.893,0.064,160.87,502664,457307
644.0327022075653,1680681418.1687725,2023-04-05T08:30:49.000Z,54.0015971,-0.4352011,60.996,0.094,160.87,502664,457307
645.032702922821,1680681419.1687732,2023-04-05T08:30:50.000Z,54.0015965,-0.4352001,60.764,0.165,160.87,502664,457307
646.0327033996582,1680681420.1687737,2023-04-05T08:30:51.000Z,54.0015962,-0.4351983,60.677,0.14,160.87,502664,457307
647.0327036380768,1680681421.168774,2023-04-05T08:30:52.000Z,54.0015975,-0.4351947,60.657,0.234,160.87,502665,457307
648.0327055454254,1680681422.1687758,2023-04-05T08:30:53.000Z,54.0015983,-0.4351923,60.645,0.173,160.87,502665,457307
649.032705783844,1680681423.168776,2023-04-05T08:30:54.000Z,54.0015993,-0.4351897,60.633,0.137,160.87,502665,457307
650.0327069759369,1680681424.1687772,2023-04-05T08:30:55.000Z,54.001601,-0.4351876,60.647,0.162,160.87,502665,457307
651.032707452774,1680681425.1687777,2023-04-05T08:30:56.000Z,54.0016029,-0.4351855,60.732,0.189,160.87,502665,457308
652.032708644867,1680681426.168779,2023-04-05T08:30:57.000Z,54.0016032,-0.4351829,60.503,0.163,160.87,502665,457308
653.0327098369598,1680681427.16878,2023-04-05T08:30:58.000Z,54.0016046,-0.435181,60.585,0.094,160.87,502665,457308
654.0327110290527,1680681428.1687813,2023-04-05T08:30:59.000Z,54.0016064,-0.435179,60.61,0.122,160.87,502666,457308
655.0327124595642,1680681429.1687827,2023-04-05T08:31:00.000Z,54.0016071,-0.4351771,60.542,0.094,160.87,502666,457308
656.03271317482,1680681430.1687834,2023-04-05T08:31:01.000Z,54.0016081,-0.4351751,60.516,0.097,160.87,502666,457308
657.0327143669128,1680681431.1687846,2023-04-05T08:31:02.000Z,54.0016086,-0.4351728,60.467,0.07,160.87,502666,457308
658.0327153205872,1680681432.1687856,2023-04-05T08:31:03.000Z,54.0016088,-0.4351702,60.403,0.063,160.87,502666,457308
659.0327169895172,1680681433.1687872,2023-04-05T08:31:04.000Z,54.001609,-0.4351677,60.325,0.071,160.87,502666,457308
660.0327184200287,1680681434.1687887,2023-04-05T08:31:05.000Z,54.0016089,-0.4351657,60.217,0.072,160.87,502666,457308
661.0327184200287,1680681435.1687887,2023-04-05T08:31:06.000Z,54.0016072,-0.4351649,59.85,0.097,160.87,502667,457308
662.0327196121216,1680681436.1687899,2023-04-05T08:31:07.000Z,54.0016083,-0.435164,59.888,0.219,160.87,502667,457308
663.0327200889587,1680681437.1687903,2023-04-05T08:31:08.000Z,54.0015994,-0.4351622,59.225,0.32,160.87,502667,457307
664.0327212810516,1680681438.1687915,2023-04-05T08:31:09.000Z,54.0015856,-0.4351566,59.05,1.194,161.5825,502667,457306
665.0327212810516,1680681439.1687915,2023-04-05T08:31:10.000Z,54.001575,-0.435149,60.737,1.671,166.6563,502668,457304
666.032722234726,1680681440.1687925,2023-04-05T08:31:11.000Z,54.0015505,-0.435141,61.633,2.597,169.9328,502668,457302
667.032723903656,1680681441.1687942,2023-04-05T08:31:12.000Z,54.0015289,-0.4351258,63.137,2.947,166.2391,502669,457299
668.0327248573303,1680681442.168795,2023-04-05T08:31:13.000Z,54.0014971,-0.4351138,63.086,3.233,165.7031,502670,457296
669.0327265262604,1680681443.1687968,2023-04-05T08:31:14.000Z,54.0014648,-0.4350871,61.913,3.409,156.4964,502672,457292
670.0327272415161,1680681444.1687975,2023-04-05T08:31:15.000Z,54.0014294,-0.4350381,59.95,4.275,137.8261,502675,457288
671.0327277183533,1680681445.168798,2023-04-05T08:31:16.000Z,54.001399,-0.4349831,58.226,4.37,127.4063,502679,457285
672.0327293872833,1680681446.1687996,2023-04-05T08:31:17.000Z,54.0013677,-0.4349233,55.293,4.503,119.6595,502683,457282
673.0327310562134,1680681447.1688013,2023-04-05T08:31:18.000Z,54.0013527,-0.4348603,52.603,4.229,104.255,502687,457280
674.0327315330505,1680681448.1688018,2023-04-05T08:31:19.000Z,54.0013595,-0.4347914,51.367,4.482,84.2299,502692,457281
675.0327324867249,1680681449.1688027,2023-04-05T08:31:20.000Z,54.001366,-0.4347284,50.607,4.225,77.5321,502696,457282
676.0327327251434,1680681450.168803,2023-04-05T08:31:21.000Z,54.0013814,-0.4346552,49.703,4.978,68.6328,502700,457284
677.0327327251434,1680681451.168803,2023-04-05T08:31:22.000Z,54.0013998,-0.4345766,49.097,5.546,65.7233,502706,457286
678.0327336788177,1680681452.168804,2023-04-05T08:31:23.000Z,54.0014091,-0.4344921,47.538,5.969,68.2224,502711,457287
679.0327343940735,1680681453.1688046,2023-04-05T08:31:24.000Z,54.0014172,-0.4344064,46.303,5.987,70.5352,502717,457288
680.032735824585,1680681454.168806,2023-04-05T08:31:25.000Z,54.0014208,-0.4343253,44.81,5.704,72.2318,502722,457289
681.0327367782593,1680681455.168807,2023-04-05T08:31:26.000Z,54.0014262,-0.4342444,42.866,5.704,71.9289,502727,457289
682.0327372550964,1680681456.1688075,2023-04-05T08:31:27.000Z,54.0014351,-0.4341618,41.353,5.805,70.6515,502733,457290
683.0327498912811,1680681457.1688201,2023-04-05T08:31:28.000Z,54.0014339,-0.4340917,39.464,5.29,72.6235,502737,457290
684.0327517986298,1680681458.168822,2023-04-05T08:31:29.000Z,54.001439,-0.4340169,38.131,5.275,73.5745,502742,457291
685.0327525138855,1680681459.1688228,2023-04-05T08:31:30.000Z,54.0014428,-0.4339445,37.055,5.108,74.8629,502747,457292
686.0327534675598,1680681460.1688237,2023-04-05T08:31:31.000Z,54.0014539,-0.433867,36.214,5.239,73.3603,502752,457293
687.0327537059784,1680681461.168824,2023-04-05T08:31:32.000Z,54.0014593,-0.4337922,34.974,5.311,74.7359,502757,457294
688.0327544212341,1680681462.1688247,2023-04-05T08:31:33.000Z,54.0014625,-0.4337202,33.554,5.165,75.2193,502762,457294
689.0327546596527,1680681463.168825,2023-04-05T08:31:34.000Z,54.0014658,-0.4336476,32.807,5.04,76.6384,502766,457295
690.0327551364899,1680681464.1688254,2023-04-05T08:31:35.000Z,54.0014581,-0.4335728,31.096,5.182,81.613,502771,457294
691.0327558517456,1680681465.168826,2023-04-05T08:31:36.000Z,54.001451,-0.4334825,30.395,5.721,93.1798,502777,457293
692.0327560901642,1680681466.1688263,2023-04-05T08:31:37.000Z,54.0014349,-0.4334152,30.903,4.886,101.4568,502782,457291
693.0327560901642,1680681467.1688263,2023-04-05T08:31:38.000Z,54.0014122,-0.4333464,31.63,4.954,112.1729,502786,457289
694.0327577590942,1680681468.168828,2023-04-05T08:31:39.000Z,54.0013751,-0.433286,31.383,5.264,124.1692,502790,457285
695.03275847435,1680681469.1688287,2023-04-05T08:31:40.000Z,54.0013362,-0.4332334,31.349,5.247,132.304,502794,457281
696.0327596664429,1680681470.16883,2023-04-05T08:31:41.000Z,54.0013037,-0.4331816,32.226,5.035,136.2542,502797,457277
697.0327613353729,1680681471.1688316,2023-04-05T08:31:42.000Z,54.0012691,-0.4331339,32.304,4.916,138.8997,502800,457273
698.0327613353729,1680681472.1688316,2023-04-05T08:31:43.000Z,54.0012362,-0.4330858,32.577,4.803,140.6755,502804,457270
699.0327627658844,1680681473.168833,2023-04-05T08:31:44.000Z,54.0011967,-0.433051,32.774,4.679,145.3794,502806,457265
700.0327632427216,1680681474.1688335,2023-04-05T08:31:45.000Z,54.0011591,-0.4330142,32.872,4.768,147.6687,502809,457261
701.0327639579773,1680681475.1688342,2023-04-05T08:31:46.000Z,54.0011134,-0.4329855,32.819,5.039,151.5329,502811,457256
702.0327656269073,1680681476.1688359,2023-04-05T08:31:47.000Z,54.001064,-0.4329531,31.553,5.359,152.5812,502813,457251
703.0327668190002,1680681477.168837,2023-04-05T08:31:48.000Z,54.001025,-0.4329141,31.577,5.179,152.3689,502815,457247
704.0327682495117,1680681478.1688385,2023-04-05T08:31:49.000Z,54.0009853,-0.4328732,31.101,5.124,151.4581,502818,457242
705.0327689647675,1680681479.1688392,2023-04-05T08:31:50.000Z,54.0009527,-0.4328274,31.528,4.947,148.7133,502821,457239
706.0327694416046,1680681480.1688397,2023-04-05T08:31:51.000Z,54.0009169,-0.4327797,31.016,4.976,145.6072,502825,457235
707.0327703952789,1680681481.1688406,2023-04-05T08:31:52.000Z,54.0008817,-0.4327348,30.36,4.893,142.4798,502828,457231
708.0327703952789,1680681482.1688406,2023-04-05T08:31:53.000Z,54.0008545,-0.4326931,29.997,4.087,141.0975,502830,457228
709.0327718257904,1680681483.168842,2023-04-05T08:31:54.000Z,54.000837,-0.4326544,29.691,3.159,141.3671,502833,457226
710.0327723026276,1680681484.1688426,2023-04-05T08:31:55.000Z,54.0008258,-0.4326136,29.294,2.637,135.7783,502836,457225
711.0327730178833,1680681485.1688433,2023-04-05T08:31:56.000Z,54.0008192,-0.4325787,28.653,2.044,127.9217,502838,457224
712.032773733139,1680681486.168844,2023-04-05T08:31:57.000Z,54.0008191,-0.4325507,28.154,1.3,115.8925,502840,457224
713.0327739715576,1680681487.1688442,2023-04-05T08:31:58.000Z,54.0008251,-0.432532,28.312,0.512,91.9216,502841,457225
714.0327751636505,1680681488.1688454,2023-04-05T08:31:59.000Z,54.0008246,-0.4325211,28.031,0.141,91.9216,502842,457225
715.0327763557434,1680681489.1688466,2023-04-05T08:32:00.000Z,54.0008256,-0.4325065,28.081,0.097,91.9216,502843,457225
716.0327770709991,1680681490.1688473,2023-04-05T08:32:01.000Z,54.0008251,-0.4325004,27.634,0.067,91.9216,502843,457225
717.0327773094177,1680681491.1688476,2023-04-05T08:32:02.000Z,54.000823,-0.4324962,27.087,0.088,91.9216,502843,457225
718.0327787399292,1680681492.168849,2023-04-05T08:32:03.000Z,54.0008208,-0.4324919,26.528,0.152,91.9216,502844,457224
719.0327799320221,1680681493.1688502,2023-04-05T08:32:04.000Z,54.0008209,-0.432484,26.348,0.072,91.9216,502844,457224
720.0327813625336,1680681494.1688516,2023-04-05T08:32:05.000Z,54.0008216,-0.432475,26.255,0.036,91.9216,502845,457225
